WTA,Location,Tournament,Date,Tier,Court,Surface,Round,Best of,Winner,Loser,WRank,LRank,WPts,LPts,W1,L1,W2,L2,W3,L3,Wsets,Lsets,Comment,B365W,B365L,PSW,PSL,MaxW,MaxL,AvgW,AvgL
1,Auckland,ASB Classic,12/31/2023,WTA250,Outdoor,Hard,1st Round,3,Wang Xiy.,Cristian J.,71,87,937,831,6,1,5,7,7,6,2,1,Completed,1.44,2.75,1.53,2.62,1.53,2.78,1.48,2.61
1,Auckland,ASB Classic,1/1/2024,WTA250,Outdoor,Hard,1st Round,3,Avanesyan E.,Barry M.,74,649,917,62,7,6,6,2,,,2,0,Completed,1.05,11,1.05,14.08,1.05,16.43,1.04,11.37
1,Auckland,ASB Classic,1/1/2024,WTA250,Outdoor,Hard,1st Round,3,Navarro E.,Fruhvirtova L.,31,88,1480,829,2,6,6,4,6,2,2,1,Completed,1.36,3.2,1.45,2.9,1.45,3.2,1.39,2.96
1,Auckland,ASB Classic,1/1/2024,WTA250,Outdoor,Hard,1st Round,3,Tsurenko L.,Vickery S.,32,143,1451,537,7,5,6,4,,,2,0,Completed,1.5,2.63,1.48,2.79,1.5,2.96,1.47,2.67
1,Auckland,ASB Classic,1/1/2024,WTA250,Outdoor,Hard,1st Round,3,Parry D.,Bektas E.,76,91,904,820,6,7,7,5,6,3,2,1,Completed,2.3,1.62,2.26,1.69,2.36,1.69,2.24,1.64
1,Auckland,ASB Classic,1/1/2024,WTA250,Outdoor,Hard,1st Round,3,Bouzkova M.,Frech M.,36,70,1353,937,6,0,3,6,6,4,2,1,Completed,1.25,4,1.29,3.82,1.31,4.01,1.28,3.63
1,Auckland,ASB Classic,1/1/2024,WTA250,Outdoor,Hard,1st Round,3,Wang Xin.,Putintseva Y.,35,63,1383,1002,6,4,7,5,,,2,0,Completed,1.91,1.91,1.77,2.13,1.93,2.13,1.84,1.95
1,Auckland,ASB Classic,1/1/2024,WTA250,Outdoor,Hard,1st Round,3,Anisimova A.,Pavlyuchenkova A.,373,60,169,1045,7,5,6,4,,,2,0,Completed,2.5,1.53,2.61,1.54,2.75,1.54,2.59,1.49
1,Auckland,ASB Classic,1/1/2024,WTA250,Outdoor,Hard,1st Round,3,Sun L.,Kessler M.,214,217,362,359,6,4,6,3,,,2,0,Completed,2,1.8,2.14,1.76,2.14,1.82,2.04,1.76
1,Auckland,ASB Classic,1/2/2024,WTA250,Outdoor,Hard,1st Round,3,Martic P.,Masarova R.,41,65,1264,982,3,6,6,3,6,3,2,1,Completed,1.73,2.1,1.67,2.29,1.74,2.29,1.67,2.2
1,Auckland,ASB Classic,1/2/2024,WTA250,Outdoor,Hard,1st Round,3,Fruhvirtova B.,Blinkova A.,117,48,657,1170,7,5,6,4,,,2,0,Completed,1.62,2.3,1.61,2.42,1.8,2.42,1.63,2.28
1,Auckland,ASB Classic,1/2/2024,WTA250,Outdoor,Hard,1st Round,3,Gracheva V.,Martincova T.,42,156,1248,495,6,7,7,5,6,2,2,1,Completed,2,1.8,2.11,1.79,2.11,1.83,2.02,1.78
1,Auckland,ASB Classic,1/2/2024,WTA250,Outdoor,Hard,1st Round,3,Gauff C.,Liu C.,3,95,6690,797,6,4,6,2,,,2,0,Completed,1.08,8,1.06,11.34,1.08,11.34,1.06,8.88
1,Auckland,ASB Classic,1/2/2024,WTA250,Outdoor,Hard,1st Round,3,Svitolina E.,Wozniacki C.,25,256,1809,301,6,4,6,3,,,2,0,Completed,1.62,2.3,1.73,2.19,1.77,2.32,1.66,2.2
1,Auckland,ASB Classic,1/2/2024,WTA250,Outdoor,Hard,1st Round,3,Yuan Y.,Day K.,77,89,903,825,7,6,6,7,6,1,2,1,Completed,1.57,2.38,1.57,2.52,1.65,2.52,1.56,2.38
1,Auckland,ASB Classic,1/2/2024,WTA250,Outdoor,Hard,1st Round,3,Raducanu E.,Ruse E.G.,301,134,231,575,6,3,4,6,7,5,2,1,Completed,1.91,1.91,1.76,2.15,1.91,2.15,1.82,1.98
1,Auckland,ASB Classic,1/2/2024,WTA250,Outdoor,Hard,2nd Round,3,Wang Xiy.,Wang Xin.,71,35,937,1383,6,3,3,6,7,6,2,1,Completed,2.1,1.73,2.14,1.76,2.22,1.76,2.1,1.72
1,Auckland,ASB Classic,1/3/2024,WTA250,Outdoor,Hard,2nd Round,3,Navarro E.,Avanesyan E.,31,74,1480,917,6,1,6,2,,,2,0,Completed,1.22,4.33,1.24,4.44,1.25,4.81,1.22,4.18
1,Auckland,ASB Classic,1/3/2024,WTA250,Outdoor,Hard,2nd Round,3,Bouzkova M.,Anisimova A.,36,373,1353,169,6,0,6,1,,,2,0,Completed,1.57,2.38,1.67,2.3,1.67,2.4,1.61,2.29
1,Auckland,ASB Classic,1/3/2024,WTA250,Outdoor,Hard,2nd Round,3,Parry D.,Tsurenko L.,76,32,904,1451,2,6,6,4,6,1,2,1,Completed,3.2,1.36,3.28,1.37,3.3,1.37,3.17,1.35
1,Auckland,ASB Classic,1/3/2024,WTA250,Outdoor,Hard,2nd Round,3,Martic P.,Yuan Y.,41,77,1264,903,6,2,6,2,,,2,0,Completed,1.73,2.1,1.77,2.14,1.77,2.32,1.7,2.14
1,Auckland,ASB Classic,1/4/2024,WTA250,Outdoor,Hard,2nd Round,3,Gauff C.,Fruhvirtova B.,3,117,6690,657,6,3,6,0,,,2,0,Completed,1.06,10,1.08,9.36,1.09,10,1.07,8.31
1,Auckland,ASB Classic,1/4/2024,WTA250,Outdoor,Hard,2nd Round,3,Gracheva V.,Sun L.,42,214,1248,362,6,3,6,4,,,2,0,Completed,1.67,2.2,1.74,2.19,1.75,2.21,1.7,2.13
1,Auckland,ASB Classic,1/4/2024,WTA250,Outdoor,Hard,2nd Round,3,Svitolina E.,Raducanu E.,25,301,1809,231,6,7,7,6,6,1,2,1,Completed,1.44,2.75,1.47,2.85,1.54,2.85,1.46,2.69
1,Auckland,ASB Classic,1/4/2024,WTA250,Outdoor,Hard,Quarterfinals,3,Navarro E.,Martic P.,31,41,1480,1264,6,4,6,3,,,2,0,Completed,1.8,2,1.8,2.13,1.88,2.13,1.77,2.04
1,Auckland,ASB Classic,1/5/2024,WTA250,Outdoor,Hard,Quarterfinals,3,Gauff C.,Gracheva V.,3,42,6690,1248,6,1,6,1,,,2,0,Completed,1.04,13,1.05,14.7,1.09,14.96,1.05,10.58
1,Auckland,ASB Classic,1/5/2024,WTA250,Outdoor,Hard,Quarterfinals,3,Wang Xiy.,Parry D.,71,76,937,904,6,7,6,3,6,4,2,1,Completed,1.44,2.75,1.4,3.23,1.5,3.23,1.42,2.86
1,Auckland,ASB Classic,1/5/2024,WTA250,Outdoor,Hard,Quarterfinals,3,Svitolina E.,Bouzkova M.,25,36,1809,1353,6,0,6,3,,,2,0,Completed,1.8,2,1.98,1.93,1.98,2,1.88,1.91
1,Auckland,ASB Classic,1/6/2024,WTA250,Outdoor,Hard,Semifinals,3,Gauff C.,Navarro E.,3,31,6690,1480,6,3,6,1,,,2,0,Completed,1.08,8,1.13,7.12,1.13,8.2,1.1,6.99
1,Auckland,ASB Classic,1/6/2024,WTA250,Outdoor,Hard,Semifinals,3,Svitolina E.,Wang Xiy.,25,71,1809,937,2,6,6,4,6,3,2,1,Completed,1.25,4,1.26,4.34,1.32,4.34,1.26,3.85
1,Auckland,ASB Classic,1/7/2024,WTA250,Outdoor,Hard,The Final,3,Gauff C.,Svitolina E.,3,25,6690,1809,6,7,6,3,6,3,2,1,Completed,1.17,5,1.2,5.24,1.22,5.25,1.18,4.86
2,Brisbane,Brisbane International,12/31/2023,WTA500,Outdoor,Hard,1st Round,3,Andreeva M.,Shnaider D.,58,97,1060,785,6,2,6,3,,,2,0,Completed,1.22,4.33,1.25,4.26,1.25,4.41,1.22,4.21
2,Brisbane,Brisbane International,12/31/2023,WTA500,Outdoor,Hard,1st Round,3,Rodionova Ar.,Trevisan M.,113,46,677,1189,6,3,6,2,,,2,0,Completed,2.63,1.5,2.77,1.49,2.77,1.54,2.64,1.48
2,Brisbane,Brisbane International,12/31/2023,WTA500,Outdoor,Hard,1st Round,3,Kalinskaya A.,Pera B.,80,69,887,943,6,2,6,1,,,2,0,Completed,1.44,2.75,1.39,3.19,1.49,3.19,1.4,2.92
2,Brisbane,Brisbane International,12/31/2023,WTA500,Outdoor,Hard,1st Round,3,Schmiedlova A.,Dolehide C.,73,45,918,1193,3,6,6,4,6,2,2,1,Completed,2.38,1.57,2.39,1.63,2.52,1.65,2.35,1.59
2,Brisbane,Brisbane International,12/31/2023,WTA500,Outdoor,Hard,1st Round,3,Giorgi C.,Stearns P.,55,49,1089,1168,5,7,6,2,6,3,2,1,Completed,1.73,2.1,1.88,1.99,1.88,2.2,1.79,2.01
2,Brisbane,Brisbane International,12/31/2023,WTA500,Outdoor,Hard,1st Round,3,Stephens S.,Siniakova K.,44,50,1200,1162,7,5,6,3,,,2,0,Completed,2.1,1.73,2.29,1.68,2.29,1.75,2.18,1.68
2,Brisbane,Brisbane International,12/31/2023,WTA500,Outdoor,Hard,1st Round,3,Kostyuk M.,Bogdan A.,38,66,1316,956,4,6,6,3,6,3,2,1,Completed,1.5,2.63,1.48,2.79,1.5,2.88,1.47,2.68
2,Brisbane,Brisbane International,12/31/2023,WTA500,Outdoor,Hard,1st Round,3,Bucsa C.,Minnen G.,61,64,1023,999,5,7,6,3,6,1,2,1,Completed,1.73,2.1,1.71,2.22,1.8,2.22,1.72,2.11
2,Brisbane,Brisbane International,1/1/2024,WTA500,Outdoor,Hard,1st Round,3,Osaka N.,Korpatsch T.,N/A,83,N/A,847,6,3,7,6,,,2,0,Completed,1.29,3.75,1.3,3.79,1.35,3.79,1.31,3.42
2,Brisbane,Brisbane International,1/1/2024,WTA500,Outdoor,Hard,1st Round,3,Saville D.,Yastremska D.,209,98,366,767,6,0,6,4,,,2,0,Completed,3,1.4,2.81,1.48,3,1.49,2.79,1.43
2,Brisbane,Brisbane International,1/2/2024,WTA500,Outdoor,Hard,1st Round,3,Noskova L.,Babos T.,40,192,1278,404,5,7,7,6,7,6,2,1,Completed,1.2,4.5,1.24,4.35,1.24,4.66,1.21,4.33
2,Brisbane,Brisbane International,1/2/2024,WTA500,Outdoor,Hard,1st Round,3,Bronzetti L.,Krueger A.,52,78,1137,896,6,4,7,5,,,2,0,Completed,2.2,1.67,2.15,1.76,2.2,1.76,2.18,1.67
2,Brisbane,Brisbane International,1/2/2024,WTA500,Outdoor,Hard,1st Round,3,Gadecki O.,Birrell K.,124,115,607,671,4,6,6,0,6,4,2,1,Completed,1.53,2.5,1.54,2.6,1.55,2.75,1.52,2.51
2,Brisbane,Brisbane International,1/2/2024,WTA500,Outdoor,Hard,1st Round,3,Burel C.,Sonmez Z.,56,163,1081,478,6,4,6,2,,,2,0,Completed,1.33,3.4,1.39,3.18,1.39,3.4,1.36,3.17
2,Brisbane,Brisbane International,1/2/2024,WTA500,Outdoor,Hard,1st Round,3,Riera J.,Tomova V.,137,75,563,906,6,2,6,4,,,2,0,Completed,2.5,1.53,2.58,1.55,2.6,1.6,2.47,1.54
2,Brisbane,Brisbane International,1/2/2024,WTA500,Outdoor,Hard,1st Round,3,Collins D.,Baptiste H.,54,129,1090,583,6,1,4,6,6,3,2,1,Completed,1.25,4,1.28,3.98,1.29,4,1.26,3.82
2,Brisbane,Brisbane International,1/2/2024,WTA500,Outdoor,Hard,2nd Round,3,Rodionova Ar.,Kenin S.,113,37,677,1334,7,5,7,6,,,2,0,Completed,3.75,1.29,3.97,1.28,4,1.33,3.68,1.28
2,Brisbane,Brisbane International,1/2/2024,WTA500,Outdoor,Hard,2nd Round,3,Azarenka V.,Kalinskaya A.,23,80,1916,887,6,1,7,6,,,2,0,Completed,1.91,1.91,2.03,1.85,2.03,2,1.93,1.87
2,Brisbane,Brisbane International,1/3/2024,WTA500,Outdoor,Hard,2nd Round,3,Kudermetova V.,Schmiedlova A.,16,73,2720,918,6,2,6,3,,,2,0,Completed,1.2,4.5,1.2,5.03,1.21,5.16,1.19,4.58
2,Brisbane,Brisbane International,1/3/2024,WTA500,Outdoor,Hard,2nd Round,3,Potapova A.,Saville D.,28,209,1611,366,6,4,3,6,6,4,2,1,Completed,1.5,2.63,1.58,2.49,1.58,2.63,1.53,2.49
2,Brisbane,Brisbane International,1/3/2024,WTA500,Outdoor,Hard,2nd Round,3,Pliskova Ka.,Osaka N.,39,N/A,1287,N/A,3,6,7,6,6,4,2,1,Completed,2.5,1.53,2.5,1.58,2.51,1.63,2.4,1.56
2,Brisbane,Brisbane International,1/3/2024,WTA500,Outdoor,Hard,2nd Round,3,Noskova L.,Cirstea S.,40,26,1278,1800,6,4,4,6,6,4,2,1,Completed,1.8,2,1.83,2.05,1.83,2.05,1.79,2
2,Brisbane,Brisbane International,1/3/2024,WTA500,Outdoor,Hard,2nd Round,3,Sabalenka A.,Bronzetti L.,2,52,9050,1137,6,3,6,0,,,2,0,Completed,1.05,11,1.05,14.42,1.05,14.42,1.04,11.27
2,Brisbane,Brisbane International,1/3/2024,WTA500,Outdoor,Hard,2nd Round,3,Kasatkina D.,Kostyuk M.,18,38,2715,1316,6,3,6,4,,,2,0,Completed,1.91,1.91,1.98,1.89,2,1.96,1.92,1.87
2,Brisbane,Brisbane International,1/3/2024,WTA500,Outdoor,Hard,2nd Round,3,Riera J.,Alexandrova E.,137,21,563,2075,6,3,6,4,,,2,0,Completed,4.33,1.22,4.02,1.27,5.16,1.27,4.1,1.23
2,Brisbane,Brisbane International,1/3/2024,WTA500,Outdoor,Hard,2nd Round,3,Ostapenko J.,Giorgi C.,12,55,2830,1089,6,1,6,4,,,2,0,Completed,1.62,2.3,1.65,2.34,1.65,2.38,1.62,2.28
2,Brisbane,Brisbane International,1/3/2024,WTA500,Outdoor,Hard,2nd Round,3,Burel C.,Kalinina A.,56,27,1081,1630,6,4,6,1,,,2,0,Completed,2,1.8,2.04,1.84,2.04,1.95,1.96,1.84
2,Brisbane,Brisbane International,1/3/2024,WTA500,Outdoor,Hard,2nd Round,3,Andreeva M.,Samsonova L.,58,15,1060,2760,6,2,6,1,,,2,0,Completed,1.8,2,1.84,2.04,1.98,2.05,1.82,1.99
2,Brisbane,Brisbane International,1/3/2024,WTA500,Outdoor,Hard,2nd Round,3,Linette M.,Bucsa C.,22,61,1921,1023,6,3,7,5,,,2,0,Completed,2,1.8,2.01,1.86,2.1,1.89,1.99,1.8
2,Brisbane,Brisbane International,1/3/2024,WTA500,Outdoor,Hard,2nd Round,3,Mertens E.,Stephens S.,30,44,1506,1200,2,6,6,1,6,3,2,1,Completed,1.67,2.2,1.68,2.28,1.68,2.33,1.64,2.23
2,Brisbane,Brisbane International,1/3/2024,WTA500,Outdoor,Hard,2nd Round,3,Rybakina E.,Gadecki O.,4,124,6366,607,6,4,6,1,,,2,0,Completed,1.08,8,1.1,8.46,1.1,9.3,1.08,7.89
2,Brisbane,Brisbane International,1/3/2024,WTA500,Outdoor,Hard,2nd Round,3,Zhu L.,Collins D.,33,54,1420,1090,1,6,6,3,7,6,2,1,Completed,3.5,1.3,3.9,1.29,3.9,1.3,3.68,1.28
2,Brisbane,Brisbane International,1/4/2024,WTA500,Outdoor,Hard,3rd Round,3,Azarenka V.,Burel C.,23,56,1916,1081,7,5,6,2,,,2,0,Completed,1.44,2.75,1.43,3.03,1.49,3.04,1.44,2.77
2,Brisbane,Brisbane International,1/4/2024,WTA500,Outdoor,Hard,3rd Round,3,Noskova L.,Riera J.,40,137,1278,563,6,1,6,7,6,3,2,1,Completed,1.4,3,1.41,3.13,1.42,3.14,1.4,2.93
2,Brisbane,Brisbane International,1/4/2024,WTA500,Outdoor,Hard,3rd Round,3,Ostapenko J.,Pliskova Ka.,12,39,2830,1287,6,2,4,6,6,3,2,1,Completed,1.53,2.5,1.56,2.59,1.58,2.59,1.54,2.46
2,Brisbane,Brisbane International,1/4/2024,WTA500,Outdoor,Hard,3rd Round,3,Kasatkina D.,Linette M.,18,22,2715,1921,6,4,6,2,,,2,0,Completed,1.4,3,1.45,2.93,1.47,3.25,1.41,2.86
2,Brisbane,Brisbane International,1/4/2024,WTA500,Outdoor,Hard,3rd Round,3,Andreeva M.,Rodionova Ar.,58,113,1060,677,6,1,6,1,,,2,0,Completed,1.08,8,1.12,7.36,1.12,9.5,1.08,7.7
2,Brisbane,Brisbane International,1/4/2024,WTA500,Outdoor,Hard,3rd Round,3,Potapova A.,Kudermetova V.,28,16,1611,2720,7,5,6,7,6,4,2,1,Completed,3,1.4,3.11,1.41,3.11,1.46,2.91,1.4
2,Brisbane,Brisbane International,1/4/2024,WTA500,Outdoor,Hard,3rd Round,3,Rybakina E.,Mertens E.,4,30,6366,1506,6,1,6,0,,,2,0,Completed,1.29,3.75,1.3,3.87,1.3,4,1.27,3.72
2,Brisbane,Brisbane International,1/4/2024,WTA500,Outdoor,Hard,3rd Round,3,Sabalenka A.,Zhu L.,2,33,9050,1420,6,1,6,0,,,2,0,Completed,1.05,11,1.05,13.83,1.06,14.01,1.04,10.54
2,Brisbane,Brisbane International,1/5/2024,WTA500,Outdoor,Hard,Quarterfinals,3,Azarenka V.,Ostapenko J.,23,12,1916,2830,6,3,3,6,7,5,2,1,Completed,1.91,1.91,2.02,1.89,2.02,1.99,1.91,1.89
2,Brisbane,Brisbane International,1/5/2024,WTA500,Outdoor,Hard,Quarterfinals,3,Rybakina E.,Potapova A.,4,28,6366,1611,6,1,,,,,1,0,Retired,1.11,6.5,1.14,6.98,1.15,7.09,1.12,6.16
2,Brisbane,Brisbane International,1/5/2024,WTA500,Outdoor,Hard,Quarterfinals,3,Noskova L.,Andreeva M.,40,58,1278,1060,7,5,6,3,,,2,0,Completed,4,1.25,4.24,1.27,4.65,1.27,4.02,1.24
2,Brisbane,Brisbane International,1/5/2024,WTA500,Outdoor,Hard,Quarterfinals,3,Sabalenka A.,Kasatkina D.,2,18,9050,2715,6,1,6,4,,,2,0,Completed,1.11,6.5,1.14,6.8,1.14,8.5,1.12,6.38
2,Brisbane,Brisbane International,1/6/2024,WTA500,Outdoor,Hard,Semifinals,3,Rybakina E.,Noskova L.,4,40,6366,1278,6,3,6,2,,,2,0,Completed,1.14,5.5,1.2,5.31,1.2,5.58,1.17,5.01
2,Brisbane,Brisbane International,1/6/2024,WTA500,Outdoor,Hard,Semifinals,3,Sabalenka A.,Azarenka V.,2,23,9050,1916,6,2,6,4,,,2,0,Completed,1.13,6,1.17,5.96,1.18,6.19,1.15,5.5
2,Brisbane,Brisbane International,1/7/2024,WTA500,Outdoor,Hard,The Final,3,Rybakina E.,Sabalenka A.,4,2,6366,9050,6,0,6,3,,,2,0,Completed,1.91,1.91,2.03,1.88,5,1.4,5,1.4
3,Adelaide,Adelaide International,1/8/2024,WTA500,Outdoor,Hard,1st Round,3,Kostyuk M.,Kalinina A.,41,28,1223,1630,7,6,6,1,,,2,0,Completed,1.67,2.2,1.69,2.26,1.7,2.27,1.66,2.2
3,Adelaide,Adelaide International,1/8/2024,WTA500,Outdoor,Hard,1st Round,3,Pavlyuchenkova A.,Haddad Maia B.,59,11,1046,2920,6,3,6,4,,,2,0,Completed,2.2,1.67,2.28,1.68,2.34,1.71,2.2,1.66
3,Adelaide,Adelaide International,1/8/2024,WTA500,Outdoor,Hard,1st Round,3,Bucsa C.,Paolini J.,61,30,1035,1530,6,3,6,3,,,2,0,Completed,3.4,1.33,3.43,1.35,3.45,1.4,3.26,1.33
3,Adelaide,Adelaide International,1/8/2024,WTA500,Outdoor,Hard,1st Round,3,Kalinskaya A.,Krejcikova B.,75,10,918,2945,7,5,3,6,7,5,2,1,Completed,2,1.8,2.09,1.8,2.25,1.8,2.08,1.75
3,Adelaide,Adelaide International,1/8/2024,WTA500,Outdoor,Hard,1st Round,3,Bogdan A.,Boulter K.,66,57,956,1085,,3,6,4,,,2,0,Completed,2.5,1.53,3.46,1.33,4.4,1.53,3.35,1.37
3,Adelaide,Adelaide International,1/8/2024,WTA500,Outdoor,Hard,1st Round,3,Pera B.,Badosa P.,69,74,943,922,3,6,6,2,6,3,2,1,Completed,2.63,1.5,3.29,1.37,3.29,1.52,2.85,1.42
3,Adelaide,Adelaide International,1/8/2024,WTA500,Outdoor,Hard,1st Round,3,Siegemund L.,Samsonova L.,89,14,814,2760,6,7,6,4,6,4,2,1,Completed,4.33,1.22,3.93,1.28,4.34,1.3,3.85,1.26
3,Adelaide,Adelaide International,1/9/2024,WTA500,Outdoor,Hard,1st Round,3,Ostapenko J.,Cirstea S.,12,26,2883,1746,2,6,6,2,6,4,2,1,Completed,1.5,2.63,1.56,2.56,1.57,2.63,1.53,2.48
3,Adelaide,Adelaide International,1/9/2024,WTA500,Outdoor,Hard,1st Round,3,Garcia C.,Preston T.,20,203,2330,382,6,4,1,6,6,3,2,1,Completed,1.14,5.5,1.16,5.71,1.18,5.92,1.15,5.38
3,Adelaide,Adelaide International,1/9/2024,WTA500,Outdoor,Hard,1st Round,3,Kudermetova V.,Krueger A.,16,78,2680,896,6,2,7,5,,,2,0,Completed,1.3,3.5,1.33,3.53,1.33,3.59,1.31,3.44
3,Adelaide,Adelaide International,1/9/2024,WTA500,Outdoor,Hard,1st Round,3,Siniakova K.,Pliskova Ka.,49,37,1150,1346,6,2,6,1,,,2,0,Completed,2.1,1.73,2.14,1.76,2.14,1.77,2.08,1.73
3,Adelaide,Adelaide International,1/9/2024,WTA500,Outdoor,Hard,1st Round,3,Kasatkina D.,Liu C.,15,104,2758,730,6,4,6,3,,,2,0,Completed,1.33,3.4,1.43,2.98,1.44,3.4,1.41,2.88
3,Adelaide,Adelaide International,1/9/2024,WTA500,Outdoor,Hard,1st Round,3,Alexandrova E.,Linette M.,21,24,2075,1896,3,6,7,6,7,5,2,1,Completed,1.62,2.3,1.67,2.45,1.67,2.45,1.61,2.3
3,Adelaide,Adelaide International,1/9/2024,WTA500,Outdoor,Hard,1st Round,3,Townsend T.,Sasnovich A.,80,83,870,831,6,3,7,6,,,2,0,Completed,2.2,1.67,2.2,1.71,2.22,1.71,2.21,1.68
3,Adelaide,Adelaide International,1/10/2024,WTA500,Outdoor,Hard,2nd Round,3,Pegula J.,Pera B.,5,69,5905,943,4,6,6,2,6,3,2,1,Completed,1.08,8,1.11,7.77,1.13,8,1.1,6.87
3,Adelaide,Adelaide International,1/10/2024,WTA500,Outdoor,Hard,2nd Round,3,Siegemund L.,Bogdan A.,89,66,814,956,6,4,7,5,,,2,0,Completed,2.1,1.73,2.01,1.88,2.15,1.88,2.02,1.78
3,Adelaide,Adelaide International,1/10/2024,WTA500,Outdoor,Hard,2nd Round,3,Pavlyuchenkova A.,Siniakova K.,59,49,1046,1150,2,6,6,3,6,2,2,1,Completed,1.73,2.1,1.79,2.12,1.87,2.12,1.79,2.01
3,Adelaide,Adelaide International,1/10/2024,WTA500,Outdoor,Hard,2nd Round,3,Kostyuk M.,Townsend T.,41,80,1223,870,6,3,2,6,6,4,2,1,Completed,1.5,2.63,1.53,2.65,1.57,2.75,1.52,2.52
3,Adelaide,Adelaide International,1/10/2024,WTA500,Outdoor,Hard,2nd Round,3,Ostapenko J.,Garcia C.,12,20,2883,2330,6,4,5,7,6,4,2,1,Completed,1.62,2.3,1.6,2.48,1.64,2.5,1.59,2.34
3,Adelaide,Adelaide International,1/10/2024,WTA500,Outdoor,Hard,2nd Round,3,Kasatkina D.,Kalinskaya A.,15,75,2758,918,5,7,6,4,7,5,2,1,Completed,1.62,2.3,1.81,2.1,1.81,2.3,1.67,2.19
3,Adelaide,Adelaide International,1/10/2024,WTA500,Outdoor,Hard,2nd Round,3,Rybakina E.,Bucsa C.,3,61,6811,1035,6,3,7,5,,,2,0,Completed,1.07,9,1.07,11.73,1.07,11.73,1.06,9.37
3,Adelaide,Adelaide International,1/10/2024,WTA500,Outdoor,Hard,2nd Round,3,Alexandrova E.,Kudermetova V.,21,16,2075,2680,6,4,6,4,,,2,0,Completed,2.5,1.53,2.53,1.58,2.6,1.62,2.47,1.53
3,Adelaide,Adelaide International,1/11/2024,WTA500,Outdoor,Hard,Quarterfinals,3,Ostapenko J.,Kostyuk M.,12,41,2883,1223,7,5,6,3,,,2,0,Completed,1.53,2.5,1.57,2.57,1.57,2.68,1.52,2.52
3,Adelaide,Adelaide International,1/11/2024,WTA500,Outdoor,Hard,Quarterfinals,3,Kasatkina D.,Siegemund L.,15,89,2758,814,,,,,,,,,Walkover,1.36,3.2,1.4,3.23,1.45,3.5,1.37,3.1
3,Adelaide,Adelaide International,1/11/2024,WTA500,Outdoor,Hard,Quarterfinals,3,Pegula J.,Pavlyuchenkova A.,5,59,5905,1046,6,7,7,5,6,4,2,1,Completed,1.3,3.5,1.4,3.24,1.4,3.54,1.33,3.29
3,Adelaide,Adelaide International,1/11/2024,WTA500,Outdoor,Hard,Quarterfinals,3,Alexandrova E.,Rybakina E.,21,3,2075,6811,6,3,6,3,,,2,0,Completed,4.5,1.2,4.49,1.25,4.6,1.25,4.31,1.21
3,Adelaide,Adelaide International,1/12/2024,WTA500,Outdoor,Hard,Semifinals,3,Ostapenko J.,Alexandrova E.,12,21,2883,2075,6,2,7,6,,,2,0,Completed,1.8,2,1.93,1.98,1.93,2.08,1.84,1.97
3,Adelaide,Adelaide International,1/12/2024,WTA500,Outdoor,Hard,Semifinals,3,Kasatkina D.,Pegula J.,15,5,2758,5905,,,,,,,,,Walkover,3.4,1.33,3.44,1.36,3.44,1.37,3.25,1.34
3,Adelaide,Adelaide International,1/13/2024,WTA500,Outdoor,Hard,The Final,3,Ostapenko J.,Kasatkina D.,12,15,2883,2758,6,3,6,2,,,2,0,Completed,1.57,2.38,1.59,2.54,1.62,2.6,1.57,2.4
4,Hobart,Hobart International,1/8/2024,WTA250,Outdoor,Hard,1st Round,3,Gracheva V.,Stearns P.,39,48,1290,1168,7,6,3,6,7,5,2,1,Completed,2.1,1.73,2.08,1.81,2.14,1.81,2.07,1.74
4,Hobart,Hobart International,1/8/2024,WTA250,Outdoor,Hard,1st Round,3,Rus A.,Fruhvirtova L.,50,85,1149,829,6,3,5,7,6,3,2,1,Completed,2.38,1.57,2.41,1.62,2.43,1.62,2.32,1.6
4,Hobart,Hobart International,1/8/2024,WTA250,Outdoor,Hard,1st Round,3,Schmiedlova A.,Osorio M.,67,79,949,876,1,6,7,6,7,5,2,1,Completed,2.3,1.62,2.36,1.64,2.36,1.73,2.26,1.62
4,Hobart,Hobart International,1/8/2024,WTA250,Outdoor,Hard,1st Round,3,Mertens E.,Collins D.,29,54,1551,1121,6,2,6,3,,,2,0,Completed,2.1,1.73,2.15,1.76,2.2,1.78,2.11,1.72
4,Hobart,Hobart International,1/8/2024,WTA250,Outdoor,Hard,1st Round,3,Saville D.,Blinkova A.,195,46,398,1170,3,6,6,4,6,4,2,1,Completed,1.8,2,1.85,2.03,1.91,2.05,1.81,1.98
4,Hobart,Hobart International,1/8/2024,WTA250,Outdoor,Hard,1st Round,3,Zhu L.,Bronzetti L.,33,56,1420,1099,7,5,6,1,,,2,0,Completed,1.67,2.2,1.73,2.2,1.73,2.25,1.68,2.18
4,Hobart,Hobart International,1/9/2024,WTA250,Outdoor,Hard,1st Round,3,Dolehide C.,Sherif M.,44,58,1193,1053,6,1,6,4,,,2,0,Completed,1.53,2.5,1.59,2.47,1.59,2.66,1.55,2.44
4,Hobart,Hobart International,1/9/2024,WTA250,Outdoor,Hard,1st Round,3,Tomova V.,Trevisan M.,77,60,906,1045,6,3,6,3,,,2,0,Completed,2.2,1.67,2.09,1.8,2.36,1.82,2.1,1.73
4,Hobart,Hobart International,1/9/2024,WTA250,Outdoor,Hard,1st Round,3,Kenin S.,Minnen G.,38,65,1305,999,6,3,6,3,,,2,0,Completed,1.44,2.75,1.45,2.89,1.46,3.01,1.43,2.78
4,Hobart,Hobart International,1/9/2024,WTA250,Outdoor,Hard,1st Round,3,Putintseva Y.,Cocciaretto E.,64,45,1002,1179,0,6,7,5,7,6,2,1,Completed,1.57,2.38,1.58,2.48,1.59,2.64,1.55,2.44
4,Hobart,Hobart International,1/9/2024,WTA250,Outdoor,Hard,1st Round,3,Maria T.,Podoroska N.,42,63,1215,1009,6,1,4,3,,,1,0,Retired,1.8,2,1.94,1.93,1.94,2.05,1.86,1.93
4,Hobart,Hobart International,1/9/2024,WTA250,Outdoor,Hard,1st Round,3,Yuan Y.,Stephens S.,73,43,925,1202,6,4,3,6,7,6,2,1,Completed,2.63,1.5,2.49,1.58,2.63,1.58,2.47,1.53
4,Hobart,Hobart International,1/9/2024,WTA250,Outdoor,Hard,1st Round,3,Bouzkova M.,Golubic V.,35,90,1382,812,6,2,6,4,,,2,0,Completed,1.33,3.4,1.37,3.27,1.38,3.55,1.33,3.26
4,Hobart,Hobart International,1/9/2024,WTA250,Outdoor,Hard,1st Round,3,Frech M.,Sorribes Tormo S.,72,53,937,1126,0,6,6,1,6,4,2,1,Completed,2.2,1.67,1.96,1.9,2.22,1.9,2.16,1.69
4,Hobart,Hobart International,1/9/2024,WTA250,Outdoor,Hard,1st Round,3,Wang Xin.,Gadecki O.,34,121,1395,655,6,3,3,6,6,3,2,1,Completed,1.44,2.75,1.58,2.49,1.58,2.89,1.51,2.55
4,Hobart,Hobart International,1/9/2024,WTA250,Outdoor,Hard,1st Round,3,Navarro E.,Burel C.,31,52,1530,1140,4,6,6,3,6,3,2,1,Completed,1.67,2.2,1.75,2.16,1.75,2.3,1.69,2.16
4,Hobart,Hobart International,1/10/2024,WTA250,Outdoor,Hard,2nd Round,3,Rus A.,Gracheva V.,50,39,1149,1290,6,2,6,3,,,2,0,Completed,2.1,1.73,2.22,1.72,2.22,1.8,2.12,1.71
4,Hobart,Hobart International,1/10/2024,WTA250,Outdoor,Hard,2nd Round,3,Tomova V.,Maria T.,77,42,906,1215,6,0,6,1,,,2,0,Completed,2,1.8,2.02,1.88,2.13,1.88,1.97,1.82
4,Hobart,Hobart International,1/10/2024,WTA250,Outdoor,Hard,2nd Round,3,Mertens E.,Schmiedlova A.,29,67,1551,949,6,2,6,3,,,2,0,Completed,1.17,5,1.22,4.85,1.22,5.05,1.19,4.6
4,Hobart,Hobart International,1/10/2024,WTA250,Outdoor,Hard,2nd Round,3,Zhu L.,Dolehide C.,33,44,1420,1193,5,7,6,3,6,4,2,1,Completed,1.53,2.5,1.58,2.52,1.58,2.52,1.55,2.42
4,Hobart,Hobart International,1/10/2024,WTA250,Outdoor,Hard,2nd Round,3,Yuan Y.,Wang Xin.,73,34,925,1395,7,5,6,3,,,2,0,Completed,2.38,1.57,2.37,1.65,2.4,1.65,2.31,1.6
4,Hobart,Hobart International,1/10/2024,WTA250,Outdoor,Hard,2nd Round,3,Navarro E.,Frech M.,31,72,1530,937,6,3,6,3,,,2,0,Completed,1.44,2.75,1.49,2.8,1.53,2.8,1.47,2.65
4,Hobart,Hobart International,1/10/2024,WTA250,Outdoor,Hard,2nd Round,3,Saville D.,Kenin S.,195,38,398,1305,7,6,6,1,,,2,0,Completed,2.5,1.53,2.6,1.55,2.6,1.57,2.47,1.53
4,Hobart,Hobart International,1/10/2024,WTA250,Outdoor,Hard,2nd Round,3,Putintseva Y.,Bouzkova M.,64,35,1002,1382,6,4,1,6,6,3,2,1,Completed,3,1.4,3.01,1.43,3.37,1.44,2.91,1.4
4,Hobart,Hobart International,1/11/2024,WTA250,Outdoor,Hard,Quarterfinals,3,Mertens E.,Rus A.,29,50,1551,1149,7,5,6,0,,,2,0,Completed,1.2,4.5,1.23,4.78,1.23,4.78,1.21,4.35
4,Hobart,Hobart International,1/11/2024,WTA250,Outdoor,Hard,Quarterfinals,3,Navarro E.,Tomova V.,31,77,1530,906,4,6,6,3,6,2,2,1,Completed,1.29,3.75,1.28,4.09,1.3,4.09,1.26,3.78
4,Hobart,Hobart International,1/11/2024,WTA250,Outdoor,Hard,Quarterfinals,3,Saville D.,Zhu L.,195,33,398,1420,3,6,6,1,6,4,2,1,Completed,1.8,2,1.85,2.07,1.9,2.12,1.79,2.02
4,Hobart,Hobart International,1/11/2024,WTA250,Outdoor,Hard,Quarterfinals,3,Yuan Y.,Putintseva Y.,73,64,925,1002,7,5,7,6,,,2,0,Completed,2.3,1.62,2.36,1.67,2.37,1.67,2.27,1.63
4,Hobart,Hobart International,1/12/2024,WTA250,Outdoor,Hard,Semifinals,3,Mertens E.,Saville D.,29,195,1551,398,6,4,4,6,7,5,2,1,Completed,1.33,3.4,1.33,3.66,1.36,3.66,1.33,3.33
4,Hobart,Hobart International,1/12/2024,WTA250,Outdoor,Hard,Semifinals,3,Navarro E.,Yuan Y.,31,73,1530,925,6,4,6,3,,,2,0,Completed,1.33,3.4,1.37,3.4,1.4,3.4,1.37,3.1
4,Hobart,Hobart International,1/13/2024,WTA250,Outdoor,Hard,The Final,3,Navarro E.,Mertens E.,31,29,1530,1551,6,1,4,6,7,5,2,1,Completed,2.1,1.73,2.15,1.79,2.16,1.79,2.09,1.74
5,Melbourne,Australian Open,1/14/2024,Grand Slam,Outdoor,Hard,1st Round,3,Rakhimova K.,Bektas E.,90,89,793,804,6,4,6,4,,,2,0,Completed,1.91,1.91,1.85,2.05,1.94,2.06,1.86,1.95
5,Melbourne,Australian Open,1/14/2024,Grand Slam,Outdoor,Hard,1st Round,3,Tsurenko L.,Bronzetti L.,33,55,1452,1099,3,6,7,5,6,3,2,1,Completed,1.5,2.63,1.44,2.97,1.55,2.97,1.5,2.61
5,Melbourne,Australian Open,1/14/2024,Grand Slam,Outdoor,Hard,1st Round,3,Fernandez L.A.,Bejlek S.,35,133,1355,574,7,6,6,2,,,2,0,Completed,1.25,4,1.28,4,1.31,4.01,1.27,3.82
5,Melbourne,Australian Open,1/14/2024,Grand Slam,Outdoor,Hard,1st Round,3,Krejcikova B.,Hontama M.,11,121,2891,645,2,6,6,4,6,3,2,1,Completed,1.17,5,1.17,5.87,1.2,5.87,1.17,5.23
5,Melbourne,Australian Open,1/14/2024,Grand Slam,Outdoor,Hard,1st Round,3,Avanesyan E.,Bai Z.,74,87,939,825,4,6,7,5,6,2,2,1,Completed,2.38,1.57,2.67,1.53,2.67,1.62,2.47,1.55
5,Melbourne,Australian Open,1/14/2024,Grand Slam,Outdoor,Hard,1st Round,3,Korpatsch T.,Burrage J.,80,102,847,733,2,6,6,3,6,0,2,1,Completed,1.67,2.2,1.79,2.12,1.8,2.25,1.75,2.1
5,Melbourne,Australian Open,1/14/2024,Grand Slam,Outdoor,Hard,1st Round,3,Parks A.,Snigur D.,82,134,838,566,2,6,6,2,6,4,2,1,Completed,2,1.8,2.19,1.75,2.19,1.88,2.06,1.78
5,Melbourne,Australian Open,1/14/2024,Grand Slam,Outdoor,Hard,1st Round,3,Timofeeva M.,Cornet A.,170,110,451,690,6,2,6,4,,,2,0,Completed,1.8,2,1.72,2.23,1.85,2.23,1.74,2.11
5,Melbourne,Australian Open,1/14/2024,Grand Slam,Outdoor,Hard,1st Round,3,Fruhvirtova B.,Bogdan A.,107,63,704,1016,2,6,6,4,6,3,2,1,Completed,1.67,2.2,1.65,2.38,1.72,2.38,1.65,2.26
5,Melbourne,Australian Open,1/14/2024,Grand Slam,Outdoor,Hard,1st Round,3,Sakkari M.,Hibino N.,8,88,3770,808,6,4,6,1,,,2,0,Completed,1.06,10,1.07,11.07,1.08,11.07,1.07,9.12
5,Melbourne,Australian Open,1/14/2024,Grand Slam,Outdoor,Hard,1st Round,3,Parry D.,Wang Xin.,72,36,943,1353,6,3,2,6,6,3,2,1,Completed,3.2,1.36,3.11,1.41,3.2,1.42,3.06,1.38
5,Melbourne,Australian Open,1/14/2024,Grand Slam,Outdoor,Hard,1st Round,3,Anisimova A.,Samsonova L.,442,14,130,2760,6,3,6,4,,,2,0,Completed,3,1.4,3,1.44,3.01,1.44,2.93,1.41
5,Melbourne,Australian Open,1/14/2024,Grand Slam,Outdoor,Hard,1st Round,3,Korneeva A.,Sorribes Tormo S.,179,52,427,1127,4,6,6,3,6,2,2,1,Completed,2.2,1.67,2.36,1.65,2.4,1.71,2.26,1.65
5,Melbourne,Australian Open,1/14/2024,Grand Slam,Outdoor,Hard,1st Round,3,Dolehide C.,Jeanjean L.,43,143,1208,523,6,2,6,4,,,2,0,Completed,1.36,3.2,1.47,2.87,1.47,3.2,1.42,2.9
5,Melbourne,Australian Open,1/14/2024,Grand Slam,Outdoor,Hard,1st Round,3,Wozniacki C.,Linette M.,252,24,302,1896,6,2,2,0,,,1,0,Retired,1.53,2.5,1.52,2.69,1.6,2.69,1.53,2.52
5,Melbourne,Australian Open,1/14/2024,Grand Slam,Outdoor,Hard,1st Round,3,Sabalenka A.,Seidel E.,2,173,8905,439,6,0,6,1,,,2,0,Completed,1.03,17,1.05,13.06,1.05,17,1.03,13.59
5,Melbourne,Australian Open,1/15/2024,Grand Slam,Outdoor,Hard,1st Round,3,Noskova L.,Bouzkova M.,50,34,1143,1382,6,1,7,5,,,2,0,Completed,2.3,1.62,2.39,1.64,2.5,1.67,2.29,1.63
5,Melbourne,Australian Open,1/15/2024,Grand Slam,Outdoor,Hard,1st Round,3,Hunter S.,Errani S.,180,101,426,738,6,4,6,3,,,2,0,Completed,1.29,3.75,1.31,3.77,1.35,3.87,1.3,3.58
5,Melbourne,Australian Open,1/15/2024,Grand Slam,Outdoor,Hard,1st Round,3,Podoroska N.,Zidansek T.,65,98,1009,745,6,1,6,0,,,2,0,Completed,1.8,2,1.85,2.05,1.96,2.05,1.84,1.97
5,Melbourne,Australian Open,1/15/2024,Grand Slam,Outdoor,Hard,1st Round,3,Gracheva V.,Wickmayer Y.,39,79,1290,880,6,3,6,4,,,2,0,Completed,1.57,2.38,1.69,2.28,1.69,2.45,1.63,2.28
5,Melbourne,Australian Open,1/15/2024,Grand Slam,Outdoor,Hard,1st Round,3,Svitolina E.,Preston T.,23,201,1972,383,6,2,6,2,,,2,0,Completed,1.07,9,1.08,9.7,1.11,9.73,1.07,8.41
5,Melbourne,Australian Open,1/15/2024,Grand Slam,Outdoor,Hard,1st Round,3,Tomova V.,Day K.,70,86,957,825,6,4,6,2,,,2,0,Completed,1.44,2.75,1.53,2.67,1.58,2.78,1.49,2.66
5,Melbourne,Australian Open,1/15/2024,Grand Slam,Outdoor,Hard,1st Round,3,Yastremska D.,Vondrousova M.,93,7,777,3966,6,1,6,2,,,2,0,Completed,5,1.17,5.16,1.2,5.25,1.24,4.92,1.18
5,Melbourne,Australian Open,1/15/2024,Grand Slam,Outdoor,Hard,1st Round,3,Gauff C.,Schmiedlova A.,4,68,6660,996,6,3,6,0,,,2,0,Completed,1.02,21,1.02,25.47,1.03,26.39,1.02,17.12
5,Melbourne,Australian Open,1/15/2024,Grand Slam,Outdoor,Hard,1st Round,3,Juvan K.,Potapova A.,109,29,696,1694,6,1,6,4,,,2,0,Completed,3.2,1.36,3.42,1.36,3.42,1.39,3.26,1.34
5,Melbourne,Australian Open,1/15/2024,Grand Slam,Outdoor,Hard,1st Round,3,Siegemund L.,Alexandrova E.,78,20,892,2215,6,2,3,6,7,6,2,1,Completed,3.2,1.36,3.01,1.43,3.2,1.45,3.01,1.39
5,Melbourne,Australian Open,1/15/2024,Grand Slam,Outdoor,Hard,1st Round,3,Maria T.,Osorio M.,42,10,1215,3328,7,5,6,7,6,4,2,1,Completed,2.38,1.57,2.76,1.5,2.76,1.57,2.61,1.5
5,Melbourne,Australian Open,1/15/2024,Grand Slam,Outdoor,Hard,1st Round,3,Kessler M.,Ferro F.,206,153,371,496,3,6,6,3,6,2,2,1,Completed,2.5,1.53,2.56,1.56,2.68,1.62,2.49,1.54
5,Melbourne,Australian Open,1/15/2024,Grand Slam,Outdoor,Hard,1st Round,3,Masarova R.,Sasnovich A.,91,81,786,843,6,3,6,4,,,2,0,Completed,2.3,1.62,2.42,1.63,2.42,1.66,2.34,1.6
5,Melbourne,Australian Open,1/15/2024,Grand Slam,Outdoor,Hard,1st Round,3,Kostyuk M.,Liu C.,37,99,1330,742,6,3,4,6,6,1,2,1,Completed,1.44,2.75,1.41,3.11,1.46,3.11,1.41,2.9
5,Melbourne,Australian Open,1/15/2024,Grand Slam,Outdoor,Hard,1st Round,3,Pavlyuchenkova A.,Vekic D.,46,25,1178,1865,6,4,6,4,,,2,0,Completed,1.44,2.75,1.39,3.23,1.46,3.23,1.4,2.97
5,Melbourne,Australian Open,1/15/2024,Grand Slam,Outdoor,Hard,1st Round,3,Paolini J.,Shnaider D.,31,92,1530,785,6,3,6,4,,,2,0,Completed,1.5,2.63,1.56,2.58,1.56,2.73,1.51,2.57
5,Melbourne,Australian Open,1/15/2024,Grand Slam,Outdoor,Hard,1st Round,3,Mertens E.,Sherif M.,28,58,1713,1053,6,2,2,0,,,1,0,Retired,1.14,5.5,1.15,6.32,1.17,6.32,1.14,5.69
5,Melbourne,Australian Open,1/15/2024,Grand Slam,Outdoor,Hard,1st Round,3,Frech M.,Saville D.,69,152,965,496,6,7,6,3,7,5,2,1,Completed,2.2,1.67,2.19,1.75,2.25,1.75,2.16,1.7
5,Melbourne,Australian Open,1/15/2024,Grand Slam,Outdoor,Hard,1st Round,3,Siniakova K.,Cristian J.,49,83,1155,831,6,2,7,5,,,2,0,Completed,1.33,3.4,1.34,3.5,1.35,3.5,1.33,3.35
5,Melbourne,Australian Open,1/15/2024,Grand Slam,Outdoor,Hard,1st Round,3,Zakharova A.,Putintseva Y.,190,64,404,1014,2,6,6,0,6,3,2,1,Completed,4,1.25,3.81,1.3,4.01,1.32,3.79,1.27
5,Melbourne,Australian Open,1/15/2024,Grand Slam,Outdoor,Hard,1st Round,3,Golubic V.,Kudermetova V.,85,17,829,2555,7,6,1,6,6,1,2,1,Completed,3.4,1.33,3.78,1.31,3.78,1.33,3.49,1.31
5,Melbourne,Australian Open,1/15/2024,Grand Slam,Outdoor,Hard,1st Round,3,Jabeur O.,Starodubtseva Y.,6,150,4076,504,6,3,6,1,,,2,0,Completed,1.17,5,1.22,4.79,1.22,6.05,1.17,5.1
5,Melbourne,Australian Open,1/15/2024,Grand Slam,Outdoor,Hard,1st Round,3,Badosa P.,Townsend T.,100,73,738,942,6,1,6,3,,,2,0,Completed,1.62,2.3,1.75,2.18,1.75,2.55,1.63,2.29
5,Melbourne,Australian Open,1/15/2024,Grand Slam,Outdoor,Hard,1st Round,3,Haddad Maia B.,Fruhvirtova L.,12,84,2830,829,6,2,3,6,6,2,2,1,Completed,1.22,4.33,1.3,3.85,1.3,4.34,1.26,3.94
5,Melbourne,Australian Open,1/15/2024,Grand Slam,Outdoor,Hard,1st Round,3,Rus A.,Kalinina A.,45,30,1188,1600,6,1,6,0,,,2,0,Completed,2.38,1.57,2.33,1.67,2.46,1.67,2.36,1.59
5,Melbourne,Australian Open,1/15/2024,Grand Slam,Outdoor,Hard,1st Round,3,Andreeva M.,Pera B.,47,71,1168,956,7,5,6,2,,,2,0,Completed,1.17,5,1.18,5.28,1.21,5.45,1.17,5.04
5,Melbourne,Australian Open,1/15/2024,Grand Slam,Outdoor,Hard,1st Round,3,Kalinskaya A.,Volynets K.,75,103,923,732,6,3,3,6,6,2,2,1,Completed,1.36,3.2,1.36,3.42,1.41,3.5,1.35,3.22
5,Melbourne,Australian Open,1/15/2024,Grand Slam,Outdoor,Hard,1st Round,3,Garcia C.,Osaka N.,19,831,2330,32,6,4,7,6,,,2,0,Completed,2.2,1.67,2.21,1.74,2.22,1.77,2.16,1.7
5,Melbourne,Australian Open,1/16/2024,Grand Slam,Outdoor,Hard,1st Round,3,Kasatkina D.,Stearns P.,13,48,2778,1168,6,2,3,6,6,2,2,1,Completed,1.3,3.5,1.27,4.15,1.39,4.15,1.28,3.72
5,Melbourne,Australian Open,1/16/2024,Grand Slam,Outdoor,Hard,1st Round,3,Trevisan M.,Zarazua R.,59,97,1045,749,4,6,6,4,6,2,2,1,Completed,1.62,2.3,1.74,2.2,1.74,2.42,1.66,2.23
5,Melbourne,Australian Open,1/16/2024,Grand Slam,Outdoor,Hard,1st Round,3,Cocciaretto E.,Sun L.,66,193,1000,401,6,1,7,5,,,2,0,Completed,1.8,2,1.83,2.08,1.83,2.2,1.77,2.06
5,Melbourne,Australian Open,1/16/2024,Grand Slam,Outdoor,Hard,1st Round,3,Stephens S.,Gadecki O.,44,120,1202,655,6,3,6,1,,,2,0,Completed,1.44,2.75,1.56,2.56,1.57,2.81,1.5,2.62
5,Melbourne,Australian Open,1/16/2024,Grand Slam,Outdoor,Hard,1st Round,3,Swiatek I.,Kenin S.,1,41,9880,1225,7,6,6,2,,,2,0,Completed,1.04,13,1.03,19.73,1.05,19.73,1.03,12.99
5,Melbourne,Australian Open,1/16/2024,Grand Slam,Outdoor,Hard,1st Round,3,Collins D.,Kerber A.,62,655,1022,60,6,2,3,6,6,1,2,1,Completed,1.4,3,1.36,3.41,1.42,3.45,1.37,3.15
5,Melbourne,Australian Open,1/16/2024,Grand Slam,Outdoor,Hard,1st Round,3,Navarro E.,Wang Xiy.,26,60,1730,1034,6,1,6,7,7,5,2,1,Completed,1.5,2.63,1.52,2.7,1.53,2.75,1.5,2.6
5,Melbourne,Australian Open,1/16/2024,Grand Slam,Outdoor,Hard,1st Round,3,Azarenka V.,Giorgi C.,22,53,2011,1120,6,1,4,6,6,3,2,1,Completed,1.3,3.5,1.3,3.88,1.33,3.88,1.3,3.59
5,Melbourne,Australian Open,1/16/2024,Grand Slam,Outdoor,Hard,1st Round,3,Tauson C.,Minnen G.,96,67,749,999,7,5,7,5,,,2,0,Completed,1.4,3,1.35,3.49,1.42,3.49,1.36,3.19
5,Melbourne,Australian Open,1/16/2024,Grand Slam,Outdoor,Hard,1st Round,3,Dodin O.,Zhu L.,95,32,765,1464,6,4,6,3,,,2,0,Completed,3.5,1.3,3.85,1.3,3.85,1.31,3.61,1.29
5,Melbourne,Australian Open,1/16/2024,Grand Slam,Outdoor,Hard,1st Round,3,Burel C.,Krunic A.,51,687,1140,53,6,4,6,1,,,2,0,Completed,1.08,8,1.11,7.96,1.11,10.26,1.09,7.76
5,Melbourne,Australian Open,1/16/2024,Grand Slam,Outdoor,Hard,1st Round,3,Wang Y.,Cirstea S.,94,27,771,1722,0,6,7,5,6,2,2,1,Completed,3.4,1.33,3.61,1.33,3.61,1.36,3.36,1.33
5,Melbourne,Australian Open,1/16/2024,Grand Slam,Outdoor,Hard,1st Round,3,Blinkova A.,Bucsa C.,57,56,1072,1088,6,2,6,4,,,2,0,Completed,2.2,1.67,2.22,1.73,2.31,1.73,2.18,1.69
5,Melbourne,Australian Open,1/16/2024,Grand Slam,Outdoor,Hard,1st Round,3,Boulter K.,Yuan Y.,54,61,1109,1028,7,5,7,6,,,2,0,Completed,1.67,2.2,1.67,2.32,1.72,2.33,1.64,2.26
5,Melbourne,Australian Open,1/16/2024,Grand Slam,Outdoor,Hard,1st Round,3,Ostapenko J.,Birrell K.,10,116,3328,671,7,6,6,1,,,2,0,Completed,1.11,6.5,1.12,7.34,1.15,7.34,1.13,6.07
5,Melbourne,Australian Open,1/16/2024,Grand Slam,Outdoor,Hard,1st Round,3,Zheng Q.,Krueger A.,15,76,2720,896,3,6,6,2,6,3,2,1,Completed,1.17,5,1.18,5.45,1.21,5.67,1.17,5.06
5,Melbourne,Australian Open,1/16/2024,Grand Slam,Outdoor,Hard,1st Round,3,Rybakina E.,Pliskova Ka.,3,38,6918,1322,7,6,6,4,,,2,0,Completed,1.14,5.5,1.12,7.41,1.16,7.41,1.14,5.82
5,Melbourne,Australian Open,1/16/2024,Grand Slam,Outdoor,Hard,1st Round,3,Raducanu E.,Rogers S.,296,161,231,476,6,3,6,2,,,2,0,Completed,1.3,3.5,1.35,3.45,1.38,3.66,1.32,3.4
5,Melbourne,Australian Open,1/16/2024,Grand Slam,Outdoor,Hard,1st Round,3,Tomljanovic A.,Martic P.,271,40,271,1283,7,6,4,6,6,4,2,1,Completed,2.1,1.73,2.11,1.8,2.3,1.88,2.02,1.81
5,Melbourne,Australian Open,1/16/2024,Grand Slam,Outdoor,Hard,1st Round,3,Pegula J.,Marino R.,5,182,6065,425,6,2,6,4,,,2,0,Completed,1.08,8,1.08,9.87,1.09,9.87,1.07,8.79
5,Melbourne,Australian Open,1/17/2024,Grand Slam,Outdoor,Hard,2nd Round,3,Timofeeva M.,Wozniacki C.,170,252,451,302,1,6,6,4,6,1,2,1,Completed,3.75,1.29,4.18,1.27,4.33,1.37,3.79,1.27
5,Melbourne,Australian Open,1/17/2024,Grand Slam,Outdoor,Hard,2nd Round,3,Andreeva M.,Jabeur O.,47,6,1168,4076,6,0,6,2,,,2,0,Completed,1.8,2,1.83,2.1,1.83,2.18,1.78,2.05
5,Melbourne,Australian Open,1/17/2024,Grand Slam,Outdoor,Hard,2nd Round,3,Hunter S.,Siegemund L.,180,78,426,892,6,4,3,6,6,3,2,1,Completed,2.38,1.57,2.31,1.69,2.44,1.73,2.28,1.63
5,Melbourne,Australian Open,1/17/2024,Grand Slam,Outdoor,Hard,2nd Round,3,Parks A.,Fernandez L.A.,82,35,838,1355,7,5,6,4,,,2,0,Completed,5.5,1.14,5.85,1.17,5.85,1.2,5.23,1.16
5,Melbourne,Australian Open,1/17/2024,Grand Slam,Outdoor,Hard,2nd Round,3,Krejcikova B.,Korpatsch T.,11,80,2891,847,6,2,6,2,,,2,0,Completed,1.14,5.5,1.14,6.77,1.14,6.77,1.14,5.89
5,Melbourne,Australian Open,1/17/2024,Grand Slam,Outdoor,Hard,2nd Round,3,Gauff C.,Dolehide C.,4,43,6660,1208,7,6,6,2,,,2,0,Completed,1.03,15,1.03,22.11,1.03,22.15,1.02,15.4
5,Melbourne,Australian Open,1/17/2024,Grand Slam,Outdoor,Hard,2nd Round,3,Parry D.,Rakhimova K.,72,90,943,793,7,5,6,2,,,2,0,Completed,2,1.8,2.13,1.81,2.13,1.89,2.01,1.8
5,Melbourne,Australian Open,1/17/2024,Grand Slam,Outdoor,Hard,2nd Round,3,Anisimova A.,Podoroska N.,442,65,130,1009,6,2,6,3,,,2,0,Completed,1.3,3.5,1.34,3.61,1.34,3.82,1.31,3.49
5,Melbourne,Australian Open,1/17/2024,Grand Slam,Outdoor,Hard,2nd Round,3,Haddad Maia B.,Korneeva A.,12,179,2830,427,6,1,6,2,,,2,0,Completed,1.33,3.4,1.4,3.2,1.4,3.66,1.35,3.24
5,Melbourne,Australian Open,1/17/2024,Grand Slam,Outdoor,Hard,2nd Round,3,Zakharova A.,Juvan K.,190,109,404,696,6,1,6,1,,,2,0,Completed,2.38,1.57,2.62,1.56,2.62,1.69,2.43,1.56
5,Melbourne,Australian Open,1/17/2024,Grand Slam,Outdoor,Hard,2nd Round,3,Frech M.,Garcia C.,69,19,965,2330,6,4,7,6,,,2,0,Completed,3.5,1.3,3.38,1.37,3.74,1.37,3.49,1.31
5,Melbourne,Australian Open,1/17/2024,Grand Slam,Outdoor,Hard,2nd Round,3,Badosa P.,Pavlyuchenkova A.,100,46,738,1178,6,2,6,3,,,2,0,Completed,2.2,1.67,2.35,1.67,2.35,1.73,2.22,1.67
5,Melbourne,Australian Open,1/17/2024,Grand Slam,Outdoor,Hard,2nd Round,3,Sabalenka A.,Fruhvirtova B.,2,107,8905,704,6,3,6,2,,,2,0,Completed,1.04,13,1.04,17.6,1.05,17.6,1.03,13.13
5,Melbourne,Australian Open,1/17/2024,Grand Slam,Outdoor,Hard,2nd Round,3,Tsurenko L.,Masarova R.,33,91,1452,786,6,3,6,4,,,2,0,Completed,1.5,2.63,1.52,2.73,1.56,2.73,1.51,2.61
5,Melbourne,Australian Open,1/17/2024,Grand Slam,Outdoor,Hard,2nd Round,3,Kostyuk M.,Mertens E.,37,28,1330,1713,5,7,6,1,7,6,2,1,Completed,2.3,1.62,2.44,1.63,2.44,1.67,2.34,1.61
5,Melbourne,Australian Open,1/17/2024,Grand Slam,Outdoor,Hard,2nd Round,3,Avanesyan E.,Sakkari M.,74,8,939,3770,6,4,6,4,,,2,0,Completed,9,1.07,10.48,1.08,10.48,1.09,8.88,1.07
5,Melbourne,Australian Open,1/18/2024,Grand Slam,Outdoor,Hard,2nd Round,3,Kalinskaya A.,Rus A.,75,45,923,1188,6,1,7,5,,,2,0,Completed,1.4,3,1.38,3.32,1.49,3.32,1.41,2.94
5,Melbourne,Australian Open,1/18/2024,Grand Slam,Outdoor,Hard,2nd Round,3,Noskova L.,Kessler M.,50,206,1143,371,6,3,1,6,6,4,2,1,Completed,1.1,7,1.18,5.73,1.18,7.03,1.13,5.91
5,Melbourne,Australian Open,1/18/2024,Grand Slam,Outdoor,Hard,2nd Round,3,Swiatek I.,Collins D.,1,62,9880,1022,6,4,3,6,6,4,2,1,Completed,1.05,11,1.07,11.86,1.08,12,1.06,10.09
5,Melbourne,Australian Open,1/18/2024,Grand Slam,Outdoor,Hard,2nd Round,3,Dodin O.,Trevisan M.,95,59,765,1045,6,4,6,4,,,2,0,Completed,2.38,1.57,2.35,1.67,2.45,1.68,2.35,1.6
5,Melbourne,Australian Open,1/18/2024,Grand Slam,Outdoor,Hard,2nd Round,3,Paolini J.,Maria T.,31,42,1530,1215,6,2,6,3,,,2,0,Completed,1.36,3.2,1.45,3,1.45,3.2,1.39,3
5,Melbourne,Australian Open,1/18/2024,Grand Slam,Outdoor,Hard,2nd Round,3,Stephens S.,Kasatkina D.,44,13,1202,2778,4,6,6,3,6,3,2,1,Completed,2.5,1.53,2.65,1.55,2.65,1.6,2.51,1.53
5,Melbourne,Australian Open,1/18/2024,Grand Slam,Outdoor,Hard,2nd Round,3,Burel C.,Pegula J.,51,5,1140,6065,6,4,6,2,,,2,0,Completed,6,1.13,6.08,1.16,6.25,1.2,5.57,1.15
5,Melbourne,Australian Open,1/18/2024,Grand Slam,Outdoor,Hard,2nd Round,3,Zheng Q.,Boulter K.,15,54,2720,1109,6,3,6,3,,,2,0,Completed,1.36,3.2,1.42,3.13,1.42,3.2,1.38,3.07
5,Melbourne,Australian Open,1/18/2024,Grand Slam,Outdoor,Hard,2nd Round,3,Navarro E.,Cocciaretto E.,26,66,1730,1000,4,6,6,3,6,3,2,1,Completed,1.33,3.4,1.36,3.48,1.44,3.5,1.34,3.26
5,Melbourne,Australian Open,1/18/2024,Grand Slam,Outdoor,Hard,2nd Round,3,Svitolina E.,Tomova V.,23,70,1972,957,6,1,6,3,,,2,0,Completed,1.17,5,1.19,5.52,1.19,5.7,1.16,5.18
5,Melbourne,Australian Open,1/18/2024,Grand Slam,Outdoor,Hard,2nd Round,3,Wang Y.,Raducanu E.,94,296,771,231,6,4,4,6,6,4,2,1,Completed,4,1.25,4.15,1.28,4.2,1.31,3.92,1.25
5,Melbourne,Australian Open,1/18/2024,Grand Slam,Outdoor,Hard,2nd Round,3,Golubic V.,Siniakova K.,85,49,829,1155,6,3,2,6,6,4,2,1,Completed,3,1.4,2.85,1.49,3,1.52,2.79,1.44
5,Melbourne,Australian Open,1/18/2024,Grand Slam,Outdoor,Hard,2nd Round,3,Blinkova A.,Rybakina E.,57,3,1072,6918,6,4,4,6,7,6,2,1,Completed,11,1.05,14.07,1.06,14.07,1.08,11.03,1.05
5,Melbourne,Australian Open,1/18/2024,Grand Slam,Outdoor,Hard,2nd Round,3,Yastremska D.,Gracheva V.,93,39,777,1290,6,3,6,2,,,2,0,Completed,1.73,2.1,1.76,2.2,1.77,2.2,1.73,2.11
5,Melbourne,Australian Open,1/18/2024,Grand Slam,Outdoor,Hard,2nd Round,3,Ostapenko J.,Tomljanovic A.,10,271,3328,271,6,0,3,6,6,4,2,1,Completed,1.25,4,1.3,3.92,1.31,4.25,1.26,3.86
5,Melbourne,Australian Open,1/18/2024,Grand Slam,Outdoor,Hard,2nd Round,3,Azarenka V.,Tauson C.,22,96,2011,749,6,4,3,6,6,2,2,1,Completed,1.44,2.75,1.48,2.87,1.48,3.23,1.42,2.87
5,Melbourne,Australian Open,1/19/2024,Grand Slam,Outdoor,Hard,3rd Round,3,Anisimova A.,Badosa P.,442,100,130,738,7,5,6,4,,,2,0,Completed,2.38,1.57,2.48,1.61,2.51,1.65,2.38,1.59
5,Melbourne,Australian Open,1/19/2024,Grand Slam,Outdoor,Hard,3rd Round,3,Sabalenka A.,Tsurenko L.,2,33,8905,1452,6,0,6,0,,,2,0,Completed,1.05,11,1.08,11.81,1.09,12,1.06,9.63
5,Melbourne,Australian Open,1/19/2024,Grand Slam,Outdoor,Hard,3rd Round,3,Andreeva M.,Parry D.,47,72,1168,943,1,6,6,1,7,6,2,1,Completed,1.08,8,1.12,7.92,1.14,8.01,1.1,7.18
5,Melbourne,Australian Open,1/19/2024,Grand Slam,Outdoor,Hard,3rd Round,3,Kostyuk M.,Avanesyan E.,37,74,1330,939,2,6,6,4,6,4,2,1,Completed,1.25,4,1.28,4.07,1.31,4.07,1.26,3.9
5,Melbourne,Australian Open,1/19/2024,Grand Slam,Outdoor,Hard,3rd Round,3,Gauff C.,Parks A.,4,82,6660,838,6,0,6,2,,,2,0,Completed,1.05,11,1.06,13.09,1.07,13.09,1.05,10.57
5,Melbourne,Australian Open,1/19/2024,Grand Slam,Outdoor,Hard,3rd Round,3,Frech M.,Zakharova A.,69,190,965,404,4,6,7,5,6,4,2,1,Completed,1.53,2.5,1.63,2.45,1.63,2.71,1.54,2.49
5,Melbourne,Australian Open,1/19/2024,Grand Slam,Outdoor,Hard,3rd Round,3,Timofeeva M.,Haddad Maia B.,170,12,451,2830,7,6,6,3,,,2,0,Completed,4,1.25,4.4,1.25,4.4,1.29,4.01,1.25
5,Melbourne,Australian Open,1/19/2024,Grand Slam,Outdoor,Hard,3rd Round,3,Krejcikova B.,Hunter S.,11,180,2891,426,4,6,7,5,6,3,2,1,Completed,1.22,4.33,1.24,4.63,1.29,4.63,1.23,4.19
5,Melbourne,Australian Open,1/20/2024,Grand Slam,Outdoor,Hard,3rd Round,3,Kalinskaya A.,Stephens S.,75,44,923,1202,6,7,6,1,6,4,2,1,Completed,1.73,2.1,1.68,2.33,1.79,2.33,1.72,2.14
5,Melbourne,Australian Open,1/20/2024,Grand Slam,Outdoor,Hard,3rd Round,3,Yastremska D.,Navarro E.,93,26,777,1730,6,2,2,6,6,1,2,1,Completed,2.75,1.44,2.93,1.46,2.93,1.5,2.73,1.46
5,Melbourne,Australian Open,1/20/2024,Grand Slam,Outdoor,Hard,3rd Round,3,Zheng Q.,Wang Y.,15,94,2720,771,6,4,2,6,7,6,2,1,Completed,1.17,5,1.19,5.5,1.21,5.5,1.17,5.06
5,Melbourne,Australian Open,1/20/2024,Grand Slam,Outdoor,Hard,3rd Round,3,Dodin O.,Burel C.,95,51,765,1140,6,2,6,4,,,2,0,Completed,3.4,1.33,3.5,1.35,3.5,1.35,3.34,1.33
5,Melbourne,Australian Open,1/20/2024,Grand Slam,Outdoor,Hard,3rd Round,3,Paolini J.,Blinkova A.,31,57,1530,1072,7,6,6,4,,,2,0,Completed,1.67,2.2,1.56,2.6,1.68,2.6,1.61,2.33
5,Melbourne,Australian Open,1/20/2024,Grand Slam,Outdoor,Hard,3rd Round,3,Azarenka V.,Ostapenko J.,22,10,2011,3328,6,1,7,5,,,2,0,Completed,2.1,1.73,2,1.91,2.18,1.91,2.03,1.79
5,Melbourne,Australian Open,1/20/2024,Grand Slam,Outdoor,Hard,3rd Round,3,Noskova L.,Swiatek I.,50,1,1143,9880,3,6,6,3,6,4,2,1,Completed,10,1.06,12.06,1.07,13,1.08,9.79,1.06
5,Melbourne,Australian Open,1/20/2024,Grand Slam,Outdoor,Hard,3rd Round,3,Svitolina E.,Golubic V.,23,85,1972,829,6,2,6,3,,,2,0,Completed,1.14,5.5,1.18,5.7,1.19,5.7,1.17,5.2
5,Melbourne,Australian Open,1/21/2024,Grand Slam,Outdoor,Hard,4th Round,3,Gauff C.,Frech M.,4,69,6660,965,6,1,6,2,,,2,0,Completed,1.04,13,1.06,12.99,1.06,13,1.04,11.13
5,Melbourne,Australian Open,1/21/2024,Grand Slam,Outdoor,Hard,4th Round,3,Sabalenka A.,Anisimova A.,2,442,8905,130,6,3,6,2,,,2,0,Completed,1.2,4.5,1.21,5.14,1.21,5.14,1.2,4.6
5,Melbourne,Australian Open,1/21/2024,Grand Slam,Outdoor,Hard,4th Round,3,Kostyuk M.,Timofeeva M.,37,170,1330,451,6,2,6,1,,,2,0,Completed,1.5,2.63,1.52,2.73,1.54,2.75,1.5,2.61
5,Melbourne,Australian Open,1/21/2024,Grand Slam,Outdoor,Hard,4th Round,3,Krejcikova B.,Andreeva M.,11,47,2891,1168,4,6,6,3,6,2,2,1,Completed,2.5,1.53,2.48,1.61,2.74,1.61,2.47,1.55
5,Melbourne,Australian Open,1/22/2024,Grand Slam,Outdoor,Hard,4th Round,3,Yastremska D.,Azarenka V.,93,22,777,2011,7,6,6,4,,,2,0,Completed,3.4,1.33,3.9,1.3,3.9,1.37,3.32,1.33
5,Melbourne,Australian Open,1/22/2024,Grand Slam,Outdoor,Hard,4th Round,3,Noskova L.,Svitolina E.,50,23,1143,1972,3,0,,,,,0,0,Retired,2.63,1.5,2.79,1.5,2.79,1.58,2.6,1.51
5,Melbourne,Australian Open,1/22/2024,Grand Slam,Outdoor,Hard,4th Round,3,Kalinskaya A.,Paolini J.,75,31,923,1530,6,4,6,2,,,2,0,Completed,1.57,2.38,1.64,2.42,1.68,2.42,1.61,2.33
5,Melbourne,Australian Open,1/22/2024,Grand Slam,Outdoor,Hard,4th Round,3,Zheng Q.,Dodin O.,15,95,2720,765,6,0,6,3,,,2,0,Completed,1.2,4.5,1.23,4.71,1.24,5.24,1.2,4.55
5,Melbourne,Australian Open,1/23/2024,Grand Slam,Outdoor,Hard,Quarterfinals,3,Gauff C.,Kostyuk M.,4,37,6660,1330,7,6,6,7,6,2,2,1,Completed,1.11,6.5,1.15,6.54,1.15,6.68,1.13,6.03
5,Melbourne,Australian Open,1/23/2024,Grand Slam,Outdoor,Hard,Quarterfinals,3,Sabalenka A.,Krejcikova B.,2,11,8905,2891,6,2,6,3,,,2,0,Completed,1.14,5.5,1.18,5.59,1.2,6.21,1.16,5.35
5,Melbourne,Australian Open,1/24/2024,Grand Slam,Outdoor,Hard,Quarterfinals,3,Yastremska D.,Noskova L.,93,50,777,1143,6,3,6,4,,,2,0,Completed,2.5,1.53,2.47,1.61,2.63,1.61,2.47,1.55
5,Melbourne,Australian Open,1/24/2024,Grand Slam,Outdoor,Hard,Quarterfinals,3,Zheng Q.,Kalinskaya A.,15,75,2720,923,6,7,6,3,6,1,2,1,Completed,1.62,2.3,1.64,2.41,1.7,2.41,1.62,2.31
5,Melbourne,Australian Open,1/25/2024,Grand Slam,Outdoor,Hard,Semifinals,3,Sabalenka A.,Gauff C.,2,4,8905,6660,7,6,6,4,,,2,0,Completed,1.44,2.75,1.51,2.78,1.55,2.87,1.46,2.72
5,Melbourne,Australian Open,1/25/2024,Grand Slam,Outdoor,Hard,Semifinals,3,Zheng Q.,Yastremska D.,15,93,2720,777,6,4,6,4,,,2,0,Completed,1.44,2.75,1.51,2.77,1.53,3,1.46,2.73
5,Melbourne,Australian Open,1/27/2024,Grand Slam,Outdoor,Hard,The Final,3,Sabalenka A.,Zheng Q.,2,15,8905,2720,6,3,6,2,,,2,0,Completed,1.15,6,1.17,5.88,1.19,6,1.16,5.37
6,Hua Hin,Thailand Open,1/29/2024,WTA250,Outdoor,Hard,1st Round,3,Wang Xiy.,Wang Q.,63,1378,1034,3,6,1,6,1,,,2,0,Completed,1.22,4.33,1.22,4.65,1.25,4.65,1.21,4.27
6,Hua Hin,Thailand Open,1/29/2024,WTA250,Outdoor,Hard,1st Round,3,Hibino N.,Rakhimova K.,94,84,788,853,7,6,6,0,,,2,0,Completed,2.38,1.57,2.23,1.71,2.44,1.71,2.25,1.63
6,Hua Hin,Thailand Open,1/29/2024,WTA250,Outdoor,Hard,1st Round,3,Galfi D.,Tomljanovic A.,137,227,556,341,6,3,6,0,,,2,0,Completed,3.4,1.33,3.63,1.32,3.63,1.34,3.34,1.32
6,Hua Hin,Thailand Open,1/29/2024,WTA250,Outdoor,Hard,1st Round,3,Wang Xin.,Bektas E.,40,93,1293,812,5,2,,,,,0,0,Retired,1.36,3.2,1.38,3.23,1.4,3.5,1.34,3.22
6,Hua Hin,Thailand Open,1/29/2024,WTA250,Outdoor,Hard,1st Round,3,Shnaider D.,Linette M.,108,56,685,1126,6,4,1,6,6,1,2,1,Completed,2,1.8,2.01,1.86,2.02,1.95,1.94,1.84
6,Hua Hin,Thailand Open,1/29/2024,WTA250,Outdoor,Hard,1st Round,3,Golubic V.,Pigossi L.,71,114,949,641,6,1,6,2,,,2,0,Completed,1.14,5.5,1.16,5.81,1.17,5.81,1.15,5.4
6,Hua Hin,Thailand Open,1/29/2024,WTA250,Outdoor,Hard,1st Round,3,Badosa P.,Tararudee L.,83,298,868,231,3,6,6,4,6,1,2,1,Completed,1.02,19,1.03,20.95,1.05,20.95,1.02,15.14
6,Hua Hin,Thailand Open,1/30/2024,WTA250,Outdoor,Hard,1st Round,3,Rodionova Ar.,Yuan Y.,101,64,722,1028,7,6,4,6,6,3,2,1,Completed,3.75,1.29,4.04,1.27,4.26,1.29,3.75,1.26
6,Hua Hin,Thailand Open,1/30/2024,WTA250,Outdoor,Hard,1st Round,3,Volynets K.,Zidansek T.,125,97,602,745,6,2,6,2,,,2,0,Completed,1.3,3.5,1.39,3.2,1.39,3.53,1.34,3.22
6,Hua Hin,Thailand Open,1/30/2024,WTA250,Outdoor,Hard,1st Round,3,Maria T.,Hartono A.,44,156,1235,487,6,3,6,1,,,2,0,Completed,1.73,2.1,1.7,2.25,1.75,2.75,1.68,2.16
6,Hua Hin,Thailand Open,1/30/2024,WTA250,Outdoor,Hard,1st Round,3,Fruhvirtova L.,Tikhonova A.,126,194,599,411,6,3,6,1,,,2,0,Completed,1.5,2.63,,,1.5,2.75,1.47,2.66
6,Hua Hin,Thailand Open,1/30/2024,WTA250,Outdoor,Hard,1st Round,3,Bai Z.,Paquet C.,90,152,829,494,7,6,6,3,,,2,0,Completed,1.67,2.2,1.68,2.27,1.73,2.35,1.66,2.2
6,Hua Hin,Thailand Open,1/30/2024,WTA250,Outdoor,Hard,1st Round,3,Zhu L.,Preston T.,45,199,1234,392,6,4,7,5,,,2,0,Completed,1.4,3,1.48,2.8,1.48,3.2,1.4,2.89
6,Hua Hin,Thailand Open,1/30/2024,WTA250,Outdoor,Hard,1st Round,3,Schmiedlova A.,Hontama M.,79,117,896,635,7,6,7,6,,,2,0,Completed,2.3,1.62,2.45,1.6,2.45,1.7,2.3,1.61
6,Hua Hin,Thailand Open,1/30/2024,WTA250,Outdoor,Hard,1st Round,3,Putintseva Y.,Naklo T.,70,406,954,148,5,7,6,3,6,2,2,1,Completed,1.06,10,1.06,12.19,1.09,12.19,1.05,10
6,Hua Hin,Thailand Open,1/30/2024,WTA250,Outdoor,Hard,1st Round,3,Wang Y.,Korneeva A.,78,141,900,537,6,2,6,4,,,2,0,Completed,2.38,1.57,2.35,1.65,2.4,1.67,2.3,1.61
6,Hua Hin,Thailand Open,1/31/2024,WTA250,Outdoor,Hard,2nd Round,3,Galfi D.,Wang Xiy.,137,63,556,1034,6,4,3,6,7,5,2,1,Completed,3.75,1.29,3.75,1.3,3.75,1.32,3.59,1.28
6,Hua Hin,Thailand Open,1/31/2024,WTA250,Outdoor,Hard,2nd Round,3,Shnaider D.,Badosa P.,108,83,685,868,6,2,3,4,,,1,0,Retired,2.75,1.44,2.76,1.49,2.88,1.87,2.68,1.47
6,Hua Hin,Thailand Open,1/31/2024,WTA250,Outdoor,Hard,2nd Round,3,Wang Xin.,Hibino N.,40,94,1293,788,7,5,6,4,,,2,0,Completed,1.36,3.2,1.37,3.27,1.39,3.27,1.35,3.13
6,Hua Hin,Thailand Open,1/31/2024,WTA250,Outdoor,Hard,2nd Round,3,Putintseva Y.,Golubic V.,70,71,954,949,7,6,7,6,,,2,0,Completed,2.2,1.67,2.28,1.68,2.28,1.73,2.18,1.66
6,Hua Hin,Thailand Open,2/1/2024,WTA250,Outdoor,Hard,2nd Round,3,Volynets K.,Maria T.,125,44,602,1235,5,7,6,2,6,2,2,1,Completed,1.73,2.1,1.74,2.17,1.74,2.23,1.69,2.14
6,Hua Hin,Thailand Open,2/1/2024,WTA250,Outdoor,Hard,2nd Round,3,Wang Y.,Schmiedlova A.,78,79,900,896,6,2,6,4,,,2,0,Completed,1.5,2.63,1.5,2.72,1.5,2.84,1.48,2.64
6,Hua Hin,Thailand Open,2/1/2024,WTA250,Outdoor,Hard,2nd Round,3,Zhu L.,Fruhvirtova L.,45,126,1234,599,6,2,6,2,,,2,0,Completed,1.8,2,1.74,2.18,1.85,2.2,1.76,2.06
6,Hua Hin,Thailand Open,2/1/2024,WTA250,Outdoor,Hard,2nd Round,3,Rodionova Ar.,Bai Z.,101,90,722,829,3,6,6,1,6,0,2,1,Completed,2.63,1.5,2.63,1.53,2.66,1.53,2.56,1.5
6,Hua Hin,Thailand Open,2/2/2024,WTA250,Outdoor,Hard,Quarterfinals,3,Wang Xin.,Putintseva Y.,40,70,1293,954,6,1,3,6,6,3,2,1,Completed,1.67,2.2,1.8,2.13,1.8,2.22,1.72,2.11
6,Hua Hin,Thailand Open,2/2/2024,WTA250,Outdoor,Hard,Quarterfinals,3,Zhu L.,Rodionova Ar.,45,101,1234,722,6,3,6,3,,,2,0,Completed,1.29,3.75,1.33,3.67,1.33,3.75,1.3,3.5
6,Hua Hin,Thailand Open,2/2/2024,WTA250,Outdoor,Hard,Quarterfinals,3,Shnaider D.,Galfi D.,108,137,685,556,6,2,6,1,,,2,0,Completed,1.57,2.38,1.56,2.61,1.59,2.61,1.54,2.46
6,Hua Hin,Thailand Open,2/2/2024,WTA250,Outdoor,Hard,Quarterfinals,3,Wang Y.,Volynets K.,78,125,900,602,1,6,6,3,7,6,2,1,Completed,1.62,2.3,1.71,2.27,1.71,2.3,1.64,2.23
6,Hua Hin,Thailand Open,2/3/2024,WTA250,Outdoor,Hard,Semifinals,3,Shnaider D.,Wang Xin.,108,40,685,1293,6,2,7,6,,,2,0,Completed,1.91,1.91,1.93,1.97,2.03,1.97,1.91,1.89
6,Hua Hin,Thailand Open,2/3/2024,WTA250,Outdoor,Hard,Semifinals,3,Zhu L.,Wang Y.,45,78,1234,900,6,3,6,2,,,2,0,Completed,1.67,2.2,1.79,2.16,1.8,2.25,1.73,2.1
6,Hua Hin,Thailand Open,2/4/2024,WTA250,Outdoor,Hard,The Final,3,Shnaider D.,Zhu L.,108,45,685,1234,6,3,2,6,6,1,2,1,Completed,1.91,1.91,1.9,2.01,1.91,2.01,1.88,1.92
7,Linz,Ladies Linz Open,1/29/2024,WTA500,Indoor,Hard,1st Round,3,Pavlyuchenkova A.,Trevisan M.,42,57,1238,1105,6,4,6,0,,,2,0,Completed,1.25,4,1.27,4.01,1.3,4.75,1.21,4.39
7,Linz,Ladies Linz Open,1/29/2024,WTA500,Indoor,Hard,1st Round,3,Boulter K.,Paolini J.,53,24,1159,1760,6,2,6,2,,,2,0,Completed,2,1.8,1.99,1.88,2.02,1.92,1.94,1.85
7,Linz,Ladies Linz Open,1/30/2024,WTA500,Indoor,Hard,1st Round,3,Burrage J.,Gracheva V.,102,46,713,1230,6,4,6,0,,,2,0,Completed,2.38,1.57,2.28,1.7,2.4,1.7,2.26,1.63
7,Linz,Ladies Linz Open,1/30/2024,WTA500,Indoor,Hard,1st Round,3,Cristian J.,Podoroska N.,89,67,831,1009,6,3,6,4,,,2,0,Completed,1.67,2.2,1.67,2.3,1.67,2.43,1.61,2.29
7,Linz,Ladies Linz Open,1/30/2024,WTA500,Indoor,Hard,1st Round,3,Tauson C.,Giorgi C.,91,68,818,1000,3,6,6,3,6,3,2,1,Completed,1.44,2.75,1.44,2.96,1.53,3,1.43,2.78
7,Linz,Ladies Linz Open,1/30/2024,WTA500,Indoor,Hard,1st Round,3,Cocciaretto E.,Stefanini L.,60,153,1060,493,6,2,6,0,,,2,0,Completed,1.53,2.5,1.56,2.55,1.6,2.55,1.54,2.46
7,Linz,Ladies Linz Open,1/30/2024,WTA500,Indoor,Hard,1st Round,3,Niemeier J.,Blinkova A.,159,50,481,1192,6,3,6,4,,,2,0,Completed,2.38,1.57,2.56,1.56,2.6,1.69,2.43,1.55
7,Linz,Ladies Linz Open,1/30/2024,WTA500,Indoor,Hard,1st Round,3,Bronzetti L.,Kerber A.,58,607,1099,70,6,1,6,3,,,2,0,Completed,2.2,1.67,2.36,1.71,2.36,1.73,2.21,1.66
7,Linz,Ladies Linz Open,1/30/2024,WTA500,Indoor,Hard,1st Round,3,Burel C.,Kraus S.,52,185,1160,418,6,1,6,4,,,2,0,Completed,1.14,5.5,1.17,5.57,1.18,6,1.15,5.44
7,Linz,Ladies Linz Open,1/31/2024,WTA500,Indoor,Hard,1st Round,3,Potapova A.,Errani S.,27,99,1634,738,6,4,6,3,,,2,0,Completed,1.17,5,1.23,4.49,1.23,5.36,1.19,4.65
7,Linz,Ladies Linz Open,1/31/2024,WTA500,Indoor,Hard,1st Round,3,Yastremska D.,Andreeva E.,29,111,1587,676,7,6,3,6,6,2,2,1,Completed,1.73,2.1,1.97,1.9,1.97,2.1,1.83,1.97
7,Linz,Ladies Linz Open,1/31/2024,WTA500,Indoor,Hard,1st Round,3,Siniakova K.,Martic P.,49,48,1215,1223,4,6,6,3,7,5,2,1,Completed,1.73,2.1,1.71,2.22,1.74,2.27,1.71,2.12
7,Linz,Ladies Linz Open,1/31/2024,WTA500,Indoor,Hard,2nd Round,3,Burrage J.,Cristian J.,102,89,713,831,6,3,7,6,,,2,0,Completed,1.8,2,1.9,1.97,1.9,2.06,1.81,1.98
7,Linz,Ladies Linz Open,1/31/2024,WTA500,Indoor,Hard,2nd Round,3,Alexandrova E.,Niemeier J.,21,159,2095,481,6,3,6,0,,,2,0,Completed,1.36,3.2,1.31,3.71,1.37,3.71,1.33,3.3
7,Linz,Ladies Linz Open,1/31/2024,WTA500,Indoor,Hard,2nd Round,3,Pavlyuchenkova A.,Boulter K.,42,53,1238,1159,7,6,6,4,,,2,0,Completed,1.62,2.3,1.67,2.3,1.73,2.38,1.62,2.28
7,Linz,Ladies Linz Open,2/1/2024,WTA500,Indoor,Hard,2nd Round,3,Burel C.,Siniakova K.,52,49,1160,1215,6,3,5,7,6,4,2,1,Completed,1.91,1.91,2.06,1.82,2.06,1.91,1.98,1.82
7,Linz,Ladies Linz Open,2/1/2024,WTA500,Indoor,Hard,2nd Round,3,Mertens E.,Bronzetti L.,26,58,1653,1099,6,1,6,3,,,2,0,Completed,1.36,3.2,1.38,3.25,1.4,3.25,1.36,3.09
7,Linz,Ladies Linz Open,2/1/2024,WTA500,Indoor,Hard,2nd Round,3,Vekic D.,Yastremska D.,34,29,1445,1587,6,1,6,1,,,2,0,Completed,2.1,1.73,2.16,1.76,2.22,1.78,2.11,1.72
7,Linz,Ladies Linz Open,2/1/2024,WTA500,Indoor,Hard,2nd Round,3,Potapova A.,Cocciaretto E.,27,60,1634,1060,2,6,7,6,7,5,2,1,Completed,1.57,2.38,1.67,2.31,1.67,2.43,1.61,2.29
7,Linz,Ladies Linz Open,2/1/2024,WTA500,Indoor,Hard,2nd Round,3,Ostapenko J.,Tauson C.,12,91,3028,818,3,6,6,4,7,6,2,1,Completed,1.73,2.1,1.72,2.2,1.75,2.26,1.7,2.15
7,Linz,Ladies Linz Open,2/2/2024,WTA500,Indoor,Hard,Quarterfinals,3,Vekic D.,Burel C.,34,52,1445,1160,6,0,7,6,,,2,0,Completed,1.8,2,1.79,2.15,1.86,2.18,1.78,2.03
7,Linz,Ladies Linz Open,2/2/2024,WTA500,Indoor,Hard,Quarterfinals,3,Alexandrova E.,Potapova A.,21,27,2095,1634,6,2,7,6,,,2,0,Completed,1.53,2.5,1.52,2.72,1.6,2.75,1.51,2.54
7,Linz,Ladies Linz Open,2/2/2024,WTA500,Indoor,Hard,Quarterfinals,3,Ostapenko J.,Burrage J.,12,102,3028,713,6,1,6,2,,,2,0,Completed,1.25,4,1.28,4.09,1.3,4.5,1.25,3.95
7,Linz,Ladies Linz Open,2/2/2024,WTA500,Indoor,Hard,Quarterfinals,3,Pavlyuchenkova A.,Mertens E.,42,26,1238,1653,6,3,6,2,,,2,0,Completed,1.8,2,1.77,2.18,1.83,2.18,1.78,2.03
7,Linz,Ladies Linz Open,2/3/2024,WTA500,Indoor,Hard,Semifinals,3,Alexandrova E.,Vekic D.,21,34,2095,1445,5,7,7,6,7,6,2,1,Completed,1.5,2.63,1.55,2.67,1.55,2.9,1.48,2.66
7,Linz,Ladies Linz Open,2/3/2024,WTA500,Indoor,Hard,Semifinals,3,Ostapenko J.,Pavlyuchenkova A.,12,42,3028,1238,6,2,6,3,,,2,0,Completed,1.8,2,1.88,2.03,1.9,2.06,1.83,1.97
7,Linz,Ladies Linz Open,2/4/2024,WTA500,Indoor,Hard,The Final,3,Ostapenko J.,Alexandrova E.,12,21,3028,2095,6,2,6,3,,,2,0,Completed,1.57,2.38,1.56,2.61,1.62,2.61,1.55,2.44
8,Abu Dhabi,Abu Dhabi WTA Women's Tennis Open,2/5/2024,WTA500,Outdoor,Hard,1st Round,3,Cirstea S.,Garcia C.,26,21,1722,2075,6,7,6,4,6,4,2,1,Completed,2.2,1.67,2.32,1.66,2.38,1.68,2.26,1.63
8,Abu Dhabi,Abu Dhabi WTA Women's Tennis Open,2/5/2024,WTA500,Outdoor,Hard,1st Round,3,Krueger A.,Pera B.,82,89,886,836,6,2,5,7,6,3,2,1,Completed,1.62,2.3,1.68,2.28,1.68,2.54,1.64,2.24
8,Abu Dhabi,Abu Dhabi WTA Women's Tennis Open,2/5/2024,WTA500,Outdoor,Hard,1st Round,3,Haddad Maia B.,Wang Xiy.,13,60,2950,1054,6,2,7,6,,,2,0,Completed,1.44,2.75,1.52,2.67,1.52,2.78,1.48,2.62
8,Abu Dhabi,Abu Dhabi WTA Women's Tennis Open,2/5/2024,WTA500,Outdoor,Hard,1st Round,3,Kasatkina D.,Parry D.,14,59,2838,1063,6,4,5,7,6,4,2,1,Completed,1.3,3.5,1.37,3.29,1.37,3.5,1.34,3.2
8,Abu Dhabi,Abu Dhabi WTA Women's Tennis Open,2/5/2024,WTA500,Outdoor,Hard,1st Round,3,Raducanu E.,Bouzkova M.,296,36,231,1382,6,4,6,1,,,2,0,Completed,2.1,1.73,2.17,1.75,2.2,1.79,2.11,1.72
8,Abu Dhabi,Abu Dhabi WTA Women's Tennis Open,2/6/2024,WTA500,Outdoor,Hard,1st Round,3,Sorribes Tormo S.,Noskova L.,54,31,1137,1494,6,3,3,6,6,3,2,1,Completed,3.4,1.33,3.47,1.34,3.6,1.34,3.35,1.32
8,Abu Dhabi,Abu Dhabi WTA Women's Tennis Open,2/6/2024,WTA500,Outdoor,Hard,1st Round,3,Linette M.,Eala A.,55,187,1126,421,7,6,6,1,,,2,0,Completed,1.4,3,1.36,3.35,1.46,3.35,1.38,2.99
8,Abu Dhabi,Abu Dhabi WTA Women's Tennis Open,2/6/2024,WTA500,Outdoor,Hard,1st Round,3,Bucsa C.,Wang Xin.,74,41,928,1281,5,7,6,0,6,3,2,1,Completed,2.38,1.57,2.33,1.64,2.42,1.65,2.33,1.59
8,Abu Dhabi,Abu Dhabi WTA Women's Tennis Open,2/6/2024,WTA500,Outdoor,Hard,1st Round,3,Collins D.,Osaka N.,71,757,962,42,7,5,6,0,,,2,0,Completed,1.67,2.2,1.68,2.27,1.72,2.27,1.66,2.19
8,Abu Dhabi,Abu Dhabi WTA Women's Tennis Open,2/6/2024,WTA500,Outdoor,Hard,1st Round,3,Watson H.,Kudermetova V.,156,16,482,2495,6,3,7,5,,,2,0,Completed,3.75,1.29,3.87,1.29,3.87,1.3,3.62,1.28
8,Abu Dhabi,Abu Dhabi WTA Women's Tennis Open,2/6/2024,WTA500,Outdoor,Hard,1st Round,3,Kalinina A.,Bronzetti L.,32,53,1480,1139,6,1,7,6,,,2,0,Completed,2.1,1.73,2.12,1.78,2.15,1.78,2.08,1.73
8,Abu Dhabi,Abu Dhabi WTA Women's Tennis Open,2/6/2024,WTA500,Outdoor,Hard,1st Round,3,Samsonova L.,Tsurenko L.,15,37,2700,1363,6,0,6,1,,,2,0,Completed,1.57,2.38,1.6,2.49,1.63,2.49,1.58,2.35
8,Abu Dhabi,Abu Dhabi WTA Women's Tennis Open,2/7/2024,WTA500,Outdoor,Hard,2nd Round,3,Kasatkina D.,Krueger A.,14,82,2838,886,6,3,7,5,,,2,0,Completed,1.44,2.75,1.47,2.87,1.53,2.97,1.45,2.71
8,Abu Dhabi,Abu Dhabi WTA Women's Tennis Open,2/7/2024,WTA500,Outdoor,Hard,2nd Round,3,Haddad Maia B.,Linette M.,13,55,2950,1126,7,6,6,7,6,1,2,1,Completed,1.29,3.75,1.3,3.88,1.33,3.88,1.28,3.62
8,Abu Dhabi,Abu Dhabi WTA Women's Tennis Open,2/7/2024,WTA500,Outdoor,Hard,2nd Round,3,Cirstea S.,Sakkari M.,26,9,1722,3710,6,2,6,1,,,2,0,Completed,2.5,1.53,2.55,1.57,2.55,1.6,2.42,1.55
8,Abu Dhabi,Abu Dhabi WTA Women's Tennis Open,2/7/2024,WTA500,Outdoor,Hard,2nd Round,3,Jabeur O.,Raducanu E.,6,296,4076,231,6,4,6,1,,,2,0,Completed,1.91,1.91,1.98,1.91,1.98,1.98,1.9,1.89
8,Abu Dhabi,Abu Dhabi WTA Women's Tennis Open,2/8/2024,WTA500,Outdoor,Hard,2nd Round,3,Krejcikova B.,Sorribes Tormo S.,12,54,3081,1137,6,2,1,0,,,1,0,Retired,1.29,3.75,1.29,3.98,1.34,3.98,1.29,3.52
8,Abu Dhabi,Abu Dhabi WTA Women's Tennis Open,2/8/2024,WTA500,Outdoor,Hard,2nd Round,3,Samsonova L.,Kalinina A.,15,32,2700,1480,6,1,6,3,,,2,0,Completed,1.29,3.75,1.32,3.65,1.32,3.9,1.29,3.58
8,Abu Dhabi,Abu Dhabi WTA Women's Tennis Open,2/8/2024,WTA500,Outdoor,Hard,2nd Round,3,Rybakina E.,Collins D.,5,71,5688,962,4,6,6,3,6,3,2,1,Completed,1.36,3.2,1.4,3.18,1.41,3.25,1.37,3.08
8,Abu Dhabi,Abu Dhabi WTA Women's Tennis Open,2/8/2024,WTA500,Outdoor,Hard,2nd Round,3,Bucsa C.,Watson H.,74,156,928,482,7,6,7,5,,,2,0,Completed,1.73,2.1,1.85,2.05,1.85,2.1,1.78,2.02
8,Abu Dhabi,Abu Dhabi WTA Women's Tennis Open,2/9/2024,WTA500,Outdoor,Hard,Quarterfinals,3,Samsonova L.,Krejcikova B.,15,12,2700,3081,7,5,6,4,,,2,0,Completed,1.91,1.91,2.08,1.84,2.08,1.97,1.88,1.91
8,Abu Dhabi,Abu Dhabi WTA Women's Tennis Open,2/9/2024,WTA500,Outdoor,Hard,Quarterfinals,3,Rybakina E.,Bucsa C.,5,74,5688,928,6,1,6,4,,,2,0,Completed,1.07,9,1.11,8.29,1.12,9,1.08,7.52
8,Abu Dhabi,Abu Dhabi WTA Women's Tennis Open,2/9/2024,WTA500,Outdoor,Hard,Quarterfinals,3,Haddad Maia B.,Jabeur O.,13,6,2950,4076,6,3,6,4,,,2,0,Completed,2.3,1.62,2.16,1.78,2.41,1.78,2.19,1.68
8,Abu Dhabi,Abu Dhabi WTA Women's Tennis Open,2/9/2024,WTA500,Outdoor,Hard,Quarterfinals,3,Kasatkina D.,Cirstea S.,14,26,2838,1722,6,2,6,0,,,2,0,Completed,1.8,2,1.83,2.09,1.87,2.09,1.81,1.99
8,Abu Dhabi,Abu Dhabi WTA Women's Tennis Open,2/10/2024,WTA500,Outdoor,Hard,Semifinals,3,Kasatkina D.,Haddad Maia B.,14,13,2838,2950,6,3,4,6,7,6,2,1,Completed,2,1.8,2.06,1.85,2.1,1.85,2.01,1.8
8,Abu Dhabi,Abu Dhabi WTA Women's Tennis Open,2/10/2024,WTA500,Outdoor,Hard,Semifinals,3,Rybakina E.,Samsonova L.,5,15,5688,2700,6,0,4,6,6,2,2,1,Completed,1.53,2.5,1.52,2.72,1.58,2.72,1.5,2.58
8,Abu Dhabi,Abu Dhabi WTA Women's Tennis Open,2/11/2024,WTA500,Outdoor,Hard,The Final,3,Rybakina E.,Kasatkina D.,5,14,5688,2838,6,1,6,4,,,2,0,Completed,1.29,3.75,1.3,3.94,1.32,4,1.28,3.68
9,Cluj-Napoca,Transylvania Open,2/5/2024,WTA250,Indoor,Hard,1st Round,3,Osorio M.,Tomova V.,11,64,3473,1017,6,2,6,4,,,2,0,Completed,1.53,2.5,1.56,2.53,1.57,2.6,1.53,2.48
9,Cluj-Napoca,Transylvania Open,2/5/2024,WTA250,Indoor,Hard,1st Round,3,Parrizas Diaz N.,Siegemund L.,132,90,556,832,6,4,6,4,,,2,0,Completed,2.5,1.53,2.37,1.55,2.67,1.55,2.51,1.52
9,Cluj-Napoca,Transylvania Open,2/5/2024,WTA250,Indoor,Hard,1st Round,3,Tauson C.,Podoroska N.,80,85,895,867,6,3,6,1,,,2,0,Completed,1.14,5.5,1.17,5.57,1.18,5.57,1.16,5.16
9,Cluj-Napoca,Transylvania Open,2/5/2024,WTA250,Indoor,Hard,1st Round,3,Blinkova A.,Waltert S.,51,175,1192,437,6,3,6,0,,,2,0,Completed,1.36,3.2,1.38,3.22,1.4,3.25,1.35,3.15
9,Cluj-Napoca,Transylvania Open,2/5/2024,WTA250,Indoor,Hard,1st Round,3,Bogdan A.,Parks A.,65,110,1016,669,7,5,7,5,,,2,0,Completed,1.91,1.91,1.85,2.02,1.97,2.02,1.84,1.94
9,Cluj-Napoca,Transylvania Open,2/5/2024,WTA250,Indoor,Hard,1st Round,3,Rus A.,Minnen G.,45,75,1238,928,7,5,6,1,,,2,0,Completed,1.91,1.91,1.9,1.97,1.96,1.97,1.88,1.9
9,Cluj-Napoca,Transylvania Open,2/6/2024,WTA250,Indoor,Hard,1st Round,3,Dart H.,Bondar A.,103,125,699,601,6,4,7,6,,,2,0,Completed,1.53,2.5,1.58,2.49,1.59,2.64,1.55,2.41
9,Cluj-Napoca,Transylvania Open,2/6/2024,WTA250,Indoor,Hard,1st Round,3,Cornet A.,Wickmayer Y.,104,83,690,883,7,5,4,6,6,3,2,1,Completed,1.73,2.1,1.75,2.17,1.83,2.17,1.74,2.08
9,Cluj-Napoca,Transylvania Open,2/6/2024,WTA250,Indoor,Hard,1st Round,3,Maria T.,Bai Z.,49,87,1205,850,7,5,6,3,,,2,0,Completed,1.67,2.2,1.71,2.23,1.73,2.27,1.67,2.18
9,Cluj-Napoca,Transylvania Open,2/6/2024,WTA250,Indoor,Hard,1st Round,3,Andreeva E.,Todoni A.,112,230,653,331,6,3,6,4,,,2,0,Completed,1.14,5.5,1.17,5.57,1.17,6.54,1.14,5.4
9,Cluj-Napoca,Transylvania Open,2/6/2024,WTA250,Indoor,Hard,1st Round,3,Avanesyan E.,Korpatsch T.,61,77,1049,918,6,4,7,6,,,2,0,Completed,1.8,2,1.88,2,1.88,2.08,1.83,1.96
9,Cluj-Napoca,Transylvania Open,2/6/2024,WTA250,Indoor,Hard,1st Round,3,Sevastova A.,Mitu A.,656,216,58,350,6,2,6,3,,,2,0,Completed,1.33,3.4,1.32,3.59,1.36,3.6,1.31,3.36
9,Cluj-Napoca,Transylvania Open,2/6/2024,WTA250,Indoor,Hard,1st Round,3,Cristian J.,Bassols M.,81,105,891,688,6,3,6,2,,,2,0,Completed,3.4,1.33,3.59,1.32,1.7,2.02,1.7,2.02
9,Cluj-Napoca,Transylvania Open,2/6/2024,WTA250,Indoor,Hard,1st Round,3,Pliskova Ka.,Kraus S.,78,188,902,418,6,4,7,6,,,2,0,Completed,1.29,3.75,1.35,3.42,1.35,3.76,1.31,3.38
9,Cluj-Napoca,Transylvania Open,2/7/2024,WTA250,Indoor,Hard,1st Round,3,Cocciaretto E.,Arango E.,56,122,1119,611,6,0,6,1,,,2,0,Completed,1.2,4.5,1.23,4.56,1.29,4.56,1.21,4.3
9,Cluj-Napoca,Transylvania Open,2/7/2024,WTA250,Indoor,Hard,1st Round,3,Errani S.,Mcnally C.,98,170,751,447,6,2,6,4,,,2,0,Completed,2.75,1.44,2.72,1.5,2.85,1.5,2.7,1.45
9,Cluj-Napoca,Transylvania Open,2/7/2024,WTA250,Indoor,Hard,2nd Round,3,Parrizas Diaz N.,Blinkova A.,132,51,556,1192,6,1,3,6,6,4,2,1,Completed,2.5,1.53,2.52,1.57,2.63,1.57,2.49,1.53
9,Cluj-Napoca,Transylvania Open,2/7/2024,WTA250,Indoor,Hard,2nd Round,3,Rus A.,Cornet A.,45,104,1238,690,4,6,6,4,6,0,2,1,Completed,1.57,2.38,1.61,2.43,1.62,2.43,1.57,2.36
9,Cluj-Napoca,Transylvania Open,2/7/2024,WTA250,Indoor,Hard,2nd Round,3,Bogdan A.,Andreeva E.,65,112,1016,653,6,4,6,4,,,2,0,Completed,2.3,1.62,2.23,1.71,2.38,1.73,2.24,1.64
9,Cluj-Napoca,Transylvania Open,2/8/2024,WTA250,Indoor,Hard,2nd Round,3,Dart H.,Cocciaretto E.,103,56,699,1119,5,7,7,5,6,3,2,1,Completed,3,1.4,2.8,1.48,3,1.49,2.84,1.41
9,Cluj-Napoca,Transylvania Open,2/8/2024,WTA250,Indoor,Hard,2nd Round,3,Sevastova A.,Avanesyan E.,656,61,58,1049,6,2,6,7,2,0,1,1,Retired,1.67,2.2,1.73,2.2,1.85,2.26,1.7,2.14
9,Cluj-Napoca,Transylvania Open,2/8/2024,WTA250,Indoor,Hard,2nd Round,3,Errani S.,Maria T.,98,49,751,1205,6,0,6,1,,,2,0,Completed,2.38,1.57,2.41,1.61,2.63,1.67,2.45,1.54
9,Cluj-Napoca,Transylvania Open,2/8/2024,WTA250,Indoor,Hard,2nd Round,3,Cristian J.,Tauson C.,81,80,891,895,6,4,6,0,,,2,0,Completed,3.5,1.3,3.83,1.29,3.83,1.34,3.47,1.3
9,Cluj-Napoca,Transylvania Open,2/8/2024,WTA250,Indoor,Hard,2nd Round,3,Pliskova Ka.,Osorio M.,78,11,902,3473,6,2,6,1,,,2,0,Completed,1.73,2.1,1.79,2.11,1.8,2.11,1.74,2.07
9,Cluj-Napoca,Transylvania Open,2/9/2024,WTA250,Indoor,Hard,Quarterfinals,3,Dart H.,Parrizas Diaz N.,103,132,699,556,6,3,6,2,,,2,0,Completed,1.8,2,1.89,2.02,1.89,2.05,1.81,1.99
9,Cluj-Napoca,Transylvania Open,2/9/2024,WTA250,Indoor,Hard,Quarterfinals,3,Cristian J.,Sevastova A.,81,656,891,58,6,3,7,5,,,2,0,Completed,1.73,2.1,1.81,2.11,1.81,2.21,1.73,2.1
9,Cluj-Napoca,Transylvania Open,2/9/2024,WTA250,Indoor,Hard,Quarterfinals,3,Bogdan A.,Rus A.,65,45,1016,1238,3,6,7,6,7,6,2,1,Completed,1.67,2.2,1.71,2.28,1.73,2.34,1.66,2.2
9,Cluj-Napoca,Transylvania Open,2/9/2024,WTA250,Indoor,Hard,Quarterfinals,3,Pliskova Ka.,Errani S.,78,98,902,751,6,2,6,0,,,2,0,Completed,1.25,4,1.29,4,1.29,4.21,1.24,3.99
9,Cluj-Napoca,Transylvania Open,2/10/2024,WTA250,Indoor,Hard,Semifinals,3,Bogdan A.,Cristian J.,65,81,1016,891,6,3,3,6,6,4,2,1,Completed,2,1.8,1.94,1.96,2.1,1.96,1.97,1.83
9,Cluj-Napoca,Transylvania Open,2/10/2024,WTA250,Indoor,Hard,Semifinals,3,Pliskova Ka.,Dart H.,78,103,902,699,6,3,6,3,,,2,0,Completed,1.36,3.2,1.39,3.3,1.41,3.3,1.37,3.05
9,Cluj-Napoca,Transylvania Open,2/11/2024,WTA250,Indoor,Hard,The Final,3,Pliskova Ka.,Bogdan A.,78,65,902,1016,6,4,6,3,,,2,0,Completed,1.44,2.75,1.42,3.14,1.52,3.14,1.43,2.8
10,Doha,Qatar Open,2/11/2024,WTA1000,Outdoor,Hard,1st Round,3,Kostyuk M.,Dolehide C.,29,44,1517,1263,6,3,7,5,,,2,0,Completed,1.29,3.75,1.3,3.78,1.3,3.78,1.28,3.64
10,Doha,Qatar Open,2/11/2024,WTA1000,Outdoor,Hard,1st Round,3,Tsurenko L.,Sonmez Z.,37,183,1363,424,7,5,6,3,,,2,0,Completed,1.17,5,1.21,4.75,1.23,5.3,1.19,4.6
10,Doha,Qatar Open,2/11/2024,WTA1000,Outdoor,Hard,1st Round,3,Alexandrova E.,Tomova V.,19,68,2410,1014,7,6,6,3,,,2,0,Completed,1.22,4.33,1.25,4.28,1.26,5.16,1.22,4.18
10,Doha,Qatar Open,2/11/2024,WTA1000,Outdoor,Hard,1st Round,3,Siniakova K.,Vekic D.,42,27,1274,1580,7,5,6,1,,,2,0,Completed,2,1.8,2.04,1.84,2.1,1.95,2,1.8
10,Doha,Qatar Open,2/11/2024,WTA1000,Outdoor,Hard,1st Round,3,Collins D.,Kudermetova V.,63,18,1046,2425,7,5,6,3,,,2,0,Completed,1.62,2.3,1.66,2.32,1.7,2.32,1.64,2.24
10,Doha,Qatar Open,2/11/2024,WTA1000,Outdoor,Hard,1st Round,3,Minnen G.,Maria T.,85,50,859,1205,6,1,6,1,,,2,0,Completed,1.44,2.75,1.48,2.81,1.53,2.81,1.46,2.7
10,Doha,Qatar Open,2/11/2024,WTA1000,Outdoor,Hard,1st Round,3,Andreeva E.,Shnaider D.,106,75,686,934,7,6,6,4,,,2,0,Completed,2.38,1.57,2.49,1.58,2.6,1.6,2.42,1.55
10,Doha,Qatar Open,2/11/2024,WTA1000,Outdoor,Hard,1st Round,3,Cirstea S.,Stephens S.,22,39,1829,1322,6,3,6,2,,,2,0,Completed,1.67,2.2,1.72,2.21,1.74,2.22,1.68,2.16
10,Doha,Qatar Open,2/11/2024,WTA1000,Outdoor,Hard,1st Round,3,Zhu L.,Gracheva V.,57,47,1117,1218,6,1,6,1,,,2,0,Completed,1.4,3,1.42,3.02,1.44,3.02,1.41,2.87
10,Doha,Qatar Open,2/12/2024,WTA1000,Outdoor,Hard,1st Round,3,Navarro E.,Paolini J.,23,24,1803,1735,6,3,7,5,,,2,0,Completed,1.57,2.38,1.63,2.39,1.63,2.5,1.57,2.37
10,Doha,Qatar Open,2/12/2024,WTA1000,Outdoor,Hard,1st Round,3,Mertens E.,Stearns P.,25,65,1706,1032,6,2,6,3,,,2,0,Completed,1.29,3.75,1.28,3.98,1.33,4,1.28,3.66
10,Doha,Qatar Open,2/12/2024,WTA1000,Outdoor,Hard,1st Round,3,Kalinina A.,Raducanu E.,30,262,1510,291,6,0,7,6,,,2,0,Completed,3,1.4,2.77,1.49,3.01,1.5,2.78,1.43
10,Doha,Qatar Open,2/12/2024,WTA1000,Outdoor,Hard,1st Round,3,Badosa P.,Krueger A.,79,74,898,942,6,3,4,6,6,4,2,1,Completed,1.8,2,1.91,1.96,1.91,2.1,1.81,2.01
10,Doha,Qatar Open,2/12/2024,WTA1000,Outdoor,Hard,1st Round,3,Fernandez L.A.,Samsonova L.,38,15,1355,2590,7,5,7,6,,,2,0,Completed,2.75,1.44,2.55,1.56,2.78,1.56,2.59,1.49
10,Doha,Qatar Open,2/12/2024,WTA1000,Outdoor,Hard,1st Round,3,Azarenka V.,Frech M.,31,52,1471,1185,6,3,3,6,6,3,2,1,Completed,1.3,3.5,1.29,3.87,1.35,3.87,1.3,3.47
10,Doha,Qatar Open,2/12/2024,WTA1000,Outdoor,Hard,1st Round,3,Martic P.,Rus A.,67,43,1015,1271,7,5,3,6,7,6,2,1,Completed,1.62,2.3,1.64,2.36,1.66,2.38,1.61,2.29
10,Doha,Qatar Open,2/12/2024,WTA1000,Outdoor,Hard,1st Round,3,Potapova A.,Trevisan M.,34,58,1403,1105,6,4,6,4,,,2,0,Completed,1.62,2.3,1.64,2.36,2.11,1.6,2.11,1.6
10,Doha,Qatar Open,2/12/2024,WTA1000,Outdoor,Hard,1st Round,3,Linette M.,Hibino N.,53,93,1185,788,6,1,6,4,,,2,0,Completed,1.5,2.63,1.51,2.7,1.52,2.75,1.47,2.66
10,Doha,Qatar Open,2/12/2024,WTA1000,Outdoor,Hard,1st Round,3,Pavlyuchenkova A.,Kasatkina D.,32,13,1421,3063,6,2,7,6,,,2,0,Completed,1.73,2.1,1.81,2.09,1.83,2.12,1.76,2.05
10,Doha,Qatar Open,2/12/2024,WTA1000,Outdoor,Hard,1st Round,3,Bouzkova M.,Kenin S.,35,45,1382,1225,7,5,2,6,7,5,2,1,Completed,1.53,2.5,1.6,2.44,1.6,2.51,1.55,2.43
10,Doha,Qatar Open,2/12/2024,WTA1000,Outdoor,Hard,1st Round,3,Noskova L.,Pera B.,28,83,1518,860,6,3,7,6,,,2,0,Completed,1.44,2.75,1.49,2.75,1.5,2.9,1.44,2.74
10,Doha,Qatar Open,2/12/2024,WTA1000,Outdoor,Hard,1st Round,3,Osaka N.,Garcia C.,747,21,43,2075,7,5,6,4,,,2,0,Completed,2.1,1.73,2.15,1.76,2.24,1.76,2.11,1.72
10,Doha,Qatar Open,2/12/2024,WTA1000,Outdoor,Hard,1st Round,3,Wang Xin.,Haddad Maia B.,41,14,1281,2960,6,1,6,3,,,2,0,Completed,3.4,1.33,3.48,1.34,3.53,1.38,3.26,1.34
10,Doha,Qatar Open,2/12/2024,WTA1000,Outdoor,Hard,1st Round,3,Pliskova Ka.,Kalinskaya A.,59,40,1097,1314,2,6,7,6,6,4,2,1,Completed,2.3,1.62,2.29,1.68,2.32,1.68,2.24,1.64
10,Doha,Qatar Open,2/12/2024,WTA1000,Outdoor,Hard,2nd Round,3,Swiatek I.,Cirstea S.,1,22,9770,1829,6,1,6,1,,,2,0,Completed,1.07,9,1.1,8.7,1.11,9.5,1.07,8.29
10,Doha,Qatar Open,2/12/2024,WTA1000,Outdoor,Hard,2nd Round,3,Vondrousova M.,Minnen G.,8,85,3736,859,6,2,0,6,6,4,2,1,Completed,1.25,4,1.35,3.47,1.35,4.1,1.28,3.67
10,Doha,Qatar Open,2/13/2024,WTA1000,Outdoor,Hard,2nd Round,3,Zheng Q.,Linette M.,7,53,3766,1185,6,2,2,6,6,3,2,1,Completed,1.2,4.5,1.23,4.6,1.23,4.66,1.2,4.43
10,Doha,Qatar Open,2/13/2024,WTA1000,Outdoor,Hard,2nd Round,3,Pavlyuchenkova A.,Kostyuk M.,32,29,1421,1517,2,1,,,,,0,0,Retired,1.73,2.1,1.75,2.18,1.82,2.18,1.75,2.06
10,Doha,Qatar Open,2/13/2024,WTA1000,Outdoor,Hard,2nd Round,3,Fernandez L.A.,Badosa P.,38,79,1355,898,0,6,6,2,6,3,2,1,Completed,1.73,2.1,1.69,2.29,1.77,2.29,1.71,2.12
10,Doha,Qatar Open,2/13/2024,WTA1000,Outdoor,Hard,2nd Round,3,Navarro E.,Mertens E.,23,25,1803,1706,6,1,6,3,,,2,0,Completed,2,1.8,2.07,1.83,2.07,1.91,1.97,1.82
10,Doha,Qatar Open,2/13/2024,WTA1000,Outdoor,Hard,2nd Round,3,Azarenka V.,Wang Xin.,31,41,1471,1281,7,6,6,2,,,2,0,Completed,1.44,2.75,1.42,3.1,1.46,3.11,1.41,2.88
10,Doha,Qatar Open,2/13/2024,WTA1000,Outdoor,Hard,2nd Round,3,Noskova L.,Sakkari M.,28,9,1518,3630,3,6,7,6,7,5,2,1,Completed,1.91,1.91,1.9,1.99,1.92,2,1.86,1.93
10,Doha,Qatar Open,2/13/2024,WTA1000,Outdoor,Hard,2nd Round,3,Collins D.,Bouzkova M.,63,35,1046,1382,6,4,7,5,,,2,0,Completed,1.5,2.63,1.52,2.69,1.56,2.7,1.49,2.58
10,Doha,Qatar Open,2/13/2024,WTA1000,Outdoor,Hard,2nd Round,3,Alexandrova E.,Andreeva E.,19,106,2410,686,6,0,3,6,6,1,2,1,Completed,1.44,2.75,1.51,2.72,1.51,2.8,1.45,2.71
10,Doha,Qatar Open,2/13/2024,WTA1000,Outdoor,Hard,2nd Round,3,Pliskova Ka.,Potapova A.,59,34,1097,1403,6,1,5,7,6,4,2,1,Completed,1.8,2,1.94,1.94,1.98,2.03,1.88,1.91
10,Doha,Qatar Open,2/13/2024,WTA1000,Outdoor,Hard,2nd Round,3,Siniakova K.,Gauff C.,42,3,1274,7200,6,2,6,4,,,2,0,Completed,6,1.13,5.82,1.17,6,1.17,5.35,1.15
10,Doha,Qatar Open,2/13/2024,WTA1000,Outdoor,Hard,2nd Round,3,Ostapenko J.,Kalinina A.,11,30,3473,1510,6,0,6,3,,,2,0,Completed,1.17,5,1.22,4.83,1.22,5.04,1.2,4.51
10,Doha,Qatar Open,2/13/2024,WTA1000,Outdoor,Hard,2nd Round,3,Tsurenko L.,Jabeur O.,37,6,1363,4183,6,3,6,2,,,2,0,Completed,3.2,1.36,2.96,1.45,3.2,1.45,2.98,1.38
10,Doha,Qatar Open,2/13/2024,WTA1000,Outdoor,Hard,2nd Round,3,Osaka N.,Martic P.,747,67,43,1015,6,3,7,6,,,2,0,Completed,1.44,2.75,1.55,2.6,1.55,2.8,1.46,2.67
10,Doha,Qatar Open,2/13/2024,WTA1000,Outdoor,Hard,2nd Round,3,Rybakina E.,Zhu L.,4,57,6088,1117,6,2,6,1,,,2,0,Completed,1.13,6,1.23,4.67,1.23,6.9,1.17,5.13
10,Doha,Qatar Open,2/14/2024,WTA1000,Outdoor,Hard,3rd Round,3,Pavlyuchenkova A.,Vondrousova M.,32,8,1421,3736,7,5,6,3,,,2,0,Completed,1.73,2.1,1.73,2.22,1.86,2.22,1.77,2.04
10,Doha,Qatar Open,2/14/2024,WTA1000,Outdoor,Hard,3rd Round,3,Collins D.,Siniakova K.,63,42,1046,1274,6,4,6,3,,,2,0,Completed,1.62,2.3,1.57,2.55,1.63,2.55,1.56,2.4
10,Doha,Qatar Open,2/14/2024,WTA1000,Outdoor,Hard,3rd Round,3,Fernandez L.A.,Zheng Q.,38,7,1355,3766,7,5,6,3,,,2,0,Completed,2.75,1.44,2.64,1.54,2.75,1.59,2.65,1.47
10,Doha,Qatar Open,2/14/2024,WTA1000,Outdoor,Hard,3rd Round,3,Pliskova Ka.,Noskova L.,59,28,1097,1518,7,0,6,1,,,2,0,Completed,2.5,1.53,2.34,1.66,2.51,1.66,2.35,1.59
10,Doha,Qatar Open,2/14/2024,WTA1000,Outdoor,Hard,3rd Round,3,Osaka N.,Tsurenko L.,747,37,43,1363,,,,,,,,,Walkover,1.4,3,1.45,2.96,1.48,3,1.42,2.85
10,Doha,Qatar Open,2/14/2024,WTA1000,Outdoor,Hard,3rd Round,3,Rybakina E.,Navarro E.,4,23,6088,1803,6,1,6,7,6,4,2,1,Completed,1.17,5,1.19,5.29,1.19,5.29,1.17,4.91
10,Doha,Qatar Open,2/14/2024,WTA1000,Outdoor,Hard,3rd Round,3,Swiatek I.,Alexandrova E.,1,19,9770,2410,6,1,6,4,,,2,0,Completed,1.07,9,1.12,7.69,1.12,9,1.08,7.74
10,Doha,Qatar Open,2/14/2024,WTA1000,Outdoor,Hard,3rd Round,3,Azarenka V.,Ostapenko J.,31,11,1471,3473,6,0,6,3,,,2,0,Completed,2.3,1.62,2.43,1.62,2.45,1.65,2.33,1.6
10,Doha,Qatar Open,2/15/2024,WTA1000,Outdoor,Hard,Quarterfinals,3,Pavlyuchenkova A.,Collins D.,32,63,1421,1046,7,5,6,4,,,2,0,Completed,2.1,1.73,2.29,1.7,2.29,1.77,2.16,1.69
10,Doha,Qatar Open,2/15/2024,WTA1000,Outdoor,Hard,Quarterfinals,3,Rybakina E.,Fernandez L.A.,4,38,6088,1355,6,4,6,2,,,2,0,Completed,1.25,4,1.26,4.32,1.29,4.32,1.25,3.92
10,Doha,Qatar Open,2/15/2024,WTA1000,Outdoor,Hard,Quarterfinals,3,Swiatek I.,Azarenka V.,1,31,9770,1471,6,4,6,0,,,2,0,Completed,1.13,6,1.15,6.47,1.15,7,1.12,6.12
10,Doha,Qatar Open,2/15/2024,WTA1000,Outdoor,Hard,Quarterfinals,3,Pliskova Ka.,Osaka N.,59,747,1097,43,7,6,7,6,,,2,0,Completed,2.1,1.73,2.28,1.7,2.28,1.78,2.13,1.7
10,Doha,Qatar Open,2/16/2024,WTA1000,Outdoor,Hard,Semifinals,3,Rybakina E.,Pavlyuchenkova A.,4,32,6088,1421,6,2,6,4,,,2,0,Completed,1.25,4,1.27,4.27,1.32,4.27,1.28,3.68
10,Doha,Qatar Open,2/16/2024,WTA1000,Outdoor,Hard,Semifinals,3,Swiatek I.,Pliskova Ka.,1,59,9770,1097,,,,,,,,,Walkover,1.07,9,1.09,9.36,1.1,9.5,1.07,8.33
10,Doha,Qatar Open,2/17/2024,WTA1000,Outdoor,Hard,The Final,3,Swiatek I.,Rybakina E.,1,4,9770,6088,7,6,6,2,,,2,0,Completed,1.53,2.5,1.61,2.48,1.61,2.71,1.54,2.46
11,Dubai,Dubai Duty Free Tennis Championships,2/18/2024,WTA1000,Outdoor,Hard,1st Round,3,Maria T.,Gracheva V.,54,49,1185,1218,6,2,6,1,,,2,0,Completed,1.91,1.91,2.07,1.83,2.07,1.91,1.98,1.82
11,Dubai,Dubai Duty Free Tennis Championships,2/18/2024,WTA1000,Outdoor,Hard,1st Round,3,Stearns P.,Andreeva M.,65,38,1041,1408,6,2,2,6,6,1,2,1,Completed,5.5,1.14,5.33,1.19,5.5,1.19,5.02,1.17
11,Dubai,Dubai Duty Free Tennis Championships,2/18/2024,WTA1000,Outdoor,Hard,1st Round,3,Frech M.,Alexandrova E.,53,17,1190,2475,7,6,6,3,,,2,0,Completed,3.2,1.36,3.31,1.38,3.31,1.4,3.1,1.36
11,Dubai,Dubai Duty Free Tennis Championships,2/18/2024,WTA1000,Outdoor,Hard,1st Round,3,Hibino N.,Linette M.,90,48,806,1220,6,2,3,6,6,4,2,1,Completed,2.63,1.5,2.7,1.52,2.75,1.52,2.63,1.48
11,Dubai,Dubai Duty Free Tennis Championships,2/18/2024,WTA1000,Outdoor,Hard,1st Round,3,Vekic D.,Wang Xin.,31,42,1580,1321,6,2,6,4,,,2,0,Completed,1.8,2,1.91,1.98,1.91,2.08,1.82,1.97
11,Dubai,Dubai Duty Free Tennis Championships,2/18/2024,WTA1000,Outdoor,Hard,1st Round,3,Navarro E.,Siniakova K.,23,39,1863,1393,4,6,7,5,6,4,2,1,Completed,1.67,2.2,1.75,2.2,1.75,2.23,1.68,2.17
11,Dubai,Dubai Duty Free Tennis Championships,2/18/2024,WTA1000,Outdoor,Hard,1st Round,3,Kalinskaya A.,Hunter S.,40,128,1323,586,6,1,6,2,,,2,0,Completed,1.3,3.5,1.31,3.74,1.34,3.74,1.3,3.47
11,Dubai,Dubai Duty Free Tennis Championships,2/18/2024,WTA1000,Outdoor,Hard,1st Round,3,Paolini J.,Haddad Maia B.,26,14,1735,2870,4,6,6,4,6,0,2,1,Completed,2.75,1.44,2.6,1.55,2.84,1.55,2.65,1.48
11,Dubai,Dubai Duty Free Tennis Championships,2/18/2024,WTA1000,Outdoor,Hard,1st Round,3,Stephens S.,Burel C.,41,47,1322,1224,6,4,1,6,6,2,2,1,Completed,2,1.8,2.08,1.83,2.08,1.89,1.99,1.8
11,Dubai,Dubai Duty Free Tennis Championships,2/18/2024,WTA1000,Outdoor,Hard,1st Round,3,Cocciaretto E.,Mertens E.,58,25,1148,1746,1,6,6,3,7,6,2,1,Completed,2.75,1.44,2.91,1.45,2.91,1.53,2.72,1.46
11,Dubai,Dubai Duty Free Tennis Championships,2/18/2024,WTA1000,Outdoor,Hard,1st Round,3,Krueger A.,Garcia C.,76,21,936,2040,3,6,6,3,6,3,2,1,Completed,2.2,1.67,2.21,1.74,2.22,1.74,2.15,1.69
11,Dubai,Dubai Duty Free Tennis Championships,2/18/2024,WTA1000,Outdoor,Hard,1st Round,3,Cirstea S.,Kenin S.,22,55,1893,1180,6,3,7,6,,,2,0,Completed,1.57,2.38,1.63,2.4,1.63,2.4,1.57,2.36
11,Dubai,Dubai Duty Free Tennis Championships,2/19/2024,WTA1000,Outdoor,Hard,1st Round,3,Fernandez L.A.,Pera B.,33,83,1540,877,6,3,6,2,,,2,0,Completed,1.33,3.4,1.37,3.32,1.37,3.4,1.35,3.18
11,Dubai,Dubai Duty Free Tennis Championships,2/19/2024,WTA1000,Outdoor,Hard,1st Round,3,Azarenka V.,Rus A.,27,43,1631,1271,6,2,6,4,,,2,0,Completed,1.14,5.5,1.16,6.12,1.16,6.12,1.14,5.62
11,Dubai,Dubai Duty Free Tennis Championships,2/19/2024,WTA1000,Outdoor,Hard,1st Round,3,Martic P.,Dolehide C.,61,45,1079,1263,6,4,7,6,,,2,0,Completed,1.4,3,1.43,3.02,1.44,3.02,1.41,2.88
11,Dubai,Dubai Duty Free Tennis Championships,2/19/2024,WTA1000,Outdoor,Hard,1st Round,3,Pliskova Ka.,Zhang S.,36,776,1462,40,6,3,7,5,,,2,0,Completed,1.1,7,1.09,9.2,1.1,9.2,1.08,7.48
11,Dubai,Dubai Duty Free Tennis Championships,2/19/2024,WTA1000,Outdoor,Hard,1st Round,3,Potapova A.,Zhu L.,35,57,1467,1152,4,6,6,2,6,4,2,1,Completed,1.73,2.1,1.77,2.15,1.77,2.15,1.72,2.1
11,Dubai,Dubai Duty Free Tennis Championships,2/19/2024,WTA1000,Outdoor,Hard,1st Round,3,Pavlyuchenkova A.,Bouzkova M.,24,37,1810,1429,6,4,6,3,,,2,0,Completed,1.44,2.75,1.51,2.74,1.51,2.8,1.45,2.74
11,Dubai,Dubai Duty Free Tennis Championships,2/19/2024,WTA1000,Outdoor,Hard,1st Round,3,Ostapenko J.,Wang Xiy.,9,64,3533,1054,5,7,6,2,6,3,2,1,Completed,1.3,3.5,1.32,3.69,1.32,3.69,1.3,3.46
11,Dubai,Dubai Duty Free Tennis Championships,2/19/2024,WTA1000,Outdoor,Hard,1st Round,3,Kudermetova V.,Yastremska D.,19,29,2250,1607,6,0,1,6,6,0,2,1,Completed,1.62,2.3,1.61,2.44,1.65,2.45,1.61,2.3
11,Dubai,Dubai Duty Free Tennis Championships,2/19/2024,WTA1000,Outdoor,Hard,1st Round,3,Samsonova L.,Tomova V.,15,68,2590,1009,7,6,6,3,,,2,0,Completed,1.22,4.33,1.25,4.41,1.25,4.41,1.22,4.18
11,Dubai,Dubai Duty Free Tennis Championships,2/19/2024,WTA1000,Outdoor,Hard,1st Round,3,Sun L.,Badosa P.,181,74,428,962,6,4,,,,,1,0,Retired,4.5,1.2,4.9,1.21,4.9,1.23,4.47,1.2
11,Dubai,Dubai Duty Free Tennis Championships,2/19/2024,WTA1000,Outdoor,Hard,1st Round,3,Svitolina E.,Kalinina A.,20,32,2212,1545,6,3,7,6,,,2,0,Completed,1.4,3,1.4,3.18,1.43,3.18,1.38,2.97
11,Dubai,Dubai Duty Free Tennis Championships,2/19/2024,WTA1000,Outdoor,Hard,1st Round,3,Bronzetti L.,Kasatkina D.,60,13,1117,3063,7,6,4,6,7,5,2,1,Completed,4.33,1.22,4.32,1.25,4.38,1.26,4.07,1.23
11,Dubai,Dubai Duty Free Tennis Championships,2/20/2024,WTA1000,Outdoor,Hard,2nd Round,3,Paolini J.,Fernandez L.A.,26,33,1735,1540,6,3,6,4,,,2,0,Completed,3.5,1.3,3.59,1.33,3.6,1.36,3.39,1.31
11,Dubai,Dubai Duty Free Tennis Championships,2/20/2024,WTA1000,Outdoor,Hard,2nd Round,3,Frech M.,Martic P.,53,61,1190,1079,6,4,1,6,6,2,2,1,Completed,1.91,1.91,1.88,2,1.91,2,1.86,1.93
11,Dubai,Dubai Duty Free Tennis Championships,2/20/2024,WTA1000,Outdoor,Hard,2nd Round,3,Vondrousova M.,Stearns P.,8,65,3856,1041,6,1,5,7,6,2,2,1,Completed,1.3,3.5,1.37,3.36,1.38,3.53,1.33,3.26
11,Dubai,Dubai Duty Free Tennis Championships,2/20/2024,WTA1000,Outdoor,Hard,2nd Round,3,Sakkari M.,Navarro E.,11,23,3455,1863,6,2,6,4,,,2,0,Completed,2.1,1.73,2.05,1.84,2.12,1.84,2.02,1.78
11,Dubai,Dubai Duty Free Tennis Championships,2/20/2024,WTA1000,Outdoor,Hard,2nd Round,3,Vekic D.,Sabalenka A.,31,2,1580,8905,6,7,6,3,6,0,2,1,Completed,8,1.08,8.08,1.11,8.4,1.12,7.12,1.09
11,Dubai,Dubai Duty Free Tennis Championships,2/20/2024,WTA1000,Outdoor,Hard,2nd Round,3,Samsonova L.,Pavlyuchenkova A.,15,24,2590,1810,,,,,,,,,Walkover,2,1.8,2.19,1.75,2.22,1.83,2.08,1.74
11,Dubai,Dubai Duty Free Tennis Championships,2/20/2024,WTA1000,Outdoor,Hard,2nd Round,3,Kalinskaya A.,Bucsa C.,40,67,1323,1020,6,3,6,4,,,2,0,Completed,1.17,5,1.21,5.02,1.22,5.05,1.19,4.65
11,Dubai,Dubai Duty Free Tennis Championships,2/20/2024,WTA1000,Outdoor,Hard,2nd Round,3,Cirstea S.,Kudermetova V.,22,19,1893,2250,6,1,6,4,,,2,0,Completed,1.91,1.91,1.93,1.95,1.95,1.98,1.89,1.9
11,Dubai,Dubai Duty Free Tennis Championships,2/20/2024,WTA1000,Outdoor,Hard,2nd Round,3,Svitolina E.,Maria T.,20,54,2212,1185,6,3,6,3,,,2,0,Completed,1.14,5.5,1.16,6.13,1.17,6.13,1.14,5.49
11,Dubai,Dubai Duty Free Tennis Championships,2/20/2024,WTA1000,Outdoor,Hard,2nd Round,3,Potapova A.,Bronzetti L.,35,60,1467,1117,6,0,6,3,,,2,0,Completed,1.44,2.75,1.48,2.83,1.5,2.83,1.45,2.71
11,Dubai,Dubai Duty Free Tennis Championships,2/20/2024,WTA1000,Outdoor,Hard,2nd Round,3,Ostapenko J.,Sun L.,9,181,3533,428,6,4,6,3,,,2,0,Completed,1.13,6,1.13,6.91,1.14,6.91,1.12,6.07
11,Dubai,Dubai Duty Free Tennis Championships,2/20/2024,WTA1000,Outdoor,Hard,2nd Round,3,Rybakina E.,Azarenka V.,4,27,6738,1631,4,6,6,2,,,1,1,Retired,1.33,3.4,1.35,3.47,1.36,3.5,1.32,3.31
11,Dubai,Dubai Duty Free Tennis Championships,2/20/2024,WTA1000,Outdoor,Hard,2nd Round,3,Zheng Q.,Hibino N.,7,90,3885,806,5,7,6,2,6,2,2,1,Completed,1.14,5.5,1.14,6.67,1.17,6.67,1.13,5.75
11,Dubai,Dubai Duty Free Tennis Championships,2/20/2024,WTA1000,Outdoor,Hard,2nd Round,3,Swiatek I.,Stephens S.,1,41,10300,1322,6,4,6,4,,,2,0,Completed,1.05,11,1.05,14.71,1.06,14.71,1.04,11.08
11,Dubai,Dubai Duty Free Tennis Championships,2/20/2024,WTA1000,Outdoor,Hard,2nd Round,3,Pliskova Ka.,Krueger A.,36,76,1462,936,6,7,6,3,6,4,2,1,Completed,1.62,2.3,1.67,2.33,1.7,2.38,1.63,2.25
11,Dubai,Dubai Duty Free Tennis Championships,2/20/2024,WTA1000,Outdoor,Hard,2nd Round,3,Gauff C.,Cocciaretto E.,3,58,7110,1148,6,1,7,5,,,2,0,Completed,1.1,7,1.14,6.74,1.14,7,1.11,6.4
11,Dubai,Dubai Duty Free Tennis Championships,2/21/2024,WTA1000,Outdoor,Hard,3rd Round,3,Paolini J.,Sakkari M.,26,11,1735,3455,6,4,6,2,,,2,0,Completed,2.63,1.5,2.79,1.5,2.79,1.53,2.57,1.5
11,Dubai,Dubai Duty Free Tennis Championships,2/21/2024,WTA1000,Outdoor,Hard,3rd Round,3,Vondrousova M.,Samsonova L.,8,15,3856,2590,6,2,6,2,,,2,0,Completed,2,1.8,2.25,1.72,2.25,1.85,2.04,1.77
11,Dubai,Dubai Duty Free Tennis Championships,2/21/2024,WTA1000,Outdoor,Hard,3rd Round,3,Kalinskaya A.,Ostapenko J.,40,9,1323,3533,6,4,7,5,,,2,0,Completed,2.3,1.62,2.33,1.68,2.33,1.69,2.23,1.65
11,Dubai,Dubai Duty Free Tennis Championships,2/21/2024,WTA1000,Outdoor,Hard,3rd Round,3,Rybakina E.,Frech M.,4,53,6738,1190,7,6,3,6,6,4,2,1,Completed,1.1,7,1.11,8.07,1.11,8.5,1.09,7.11
11,Dubai,Dubai Duty Free Tennis Championships,2/21/2024,WTA1000,Outdoor,Hard,3rd Round,3,Cirstea S.,Vekic D.,22,31,1893,1580,3,6,6,3,7,5,2,1,Completed,1.8,2,1.93,1.98,1.93,2.02,1.84,1.95
11,Dubai,Dubai Duty Free Tennis Championships,2/21/2024,WTA1000,Outdoor,Hard,3rd Round,3,Gauff C.,Pliskova Ka.,3,36,7110,1462,2,6,6,4,6,3,2,1,Completed,1.22,4.33,1.2,5.23,1.24,5.23,1.2,4.51
11,Dubai,Dubai Duty Free Tennis Championships,2/21/2024,WTA1000,Outdoor,Hard,3rd Round,3,Swiatek I.,Svitolina E.,1,20,10300,2212,6,1,6,4,,,2,0,Completed,1.2,4.5,1.22,4.95,1.23,5.5,1.19,4.68
11,Dubai,Dubai Duty Free Tennis Championships,2/21/2024,WTA1000,Outdoor,Hard,3rd Round,3,Zheng Q.,Potapova A.,7,35,3885,1467,6,3,6,2,,,2,0,Completed,1.44,2.75,1.47,2.92,1.51,2.92,1.45,2.72
11,Dubai,Dubai Duty Free Tennis Championships,2/22/2024,WTA1000,Outdoor,Hard,Quarterfinals,3,Cirstea S.,Vondrousova M.,22,8,1893,3856,2,6,7,6,6,2,2,1,Completed,2.3,1.62,2.32,1.68,2.33,1.7,2.26,1.63
11,Dubai,Dubai Duty Free Tennis Championships,2/22/2024,WTA1000,Outdoor,Hard,Quarterfinals,3,Paolini J.,Rybakina E.,26,4,1735,6738,,,,,,,,,Walkover,4.33,1.22,4.84,1.22,5,1.22,4.63,1.19
11,Dubai,Dubai Duty Free Tennis Championships,2/22/2024,WTA1000,Outdoor,Hard,Quarterfinals,3,Swiatek I.,Zheng Q.,1,7,10300,3885,6,3,6,2,,,2,0,Completed,1.17,5,1.14,6.7,1.18,6.7,1.15,5.54
11,Dubai,Dubai Duty Free Tennis Championships,2/22/2024,WTA1000,Outdoor,Hard,Quarterfinals,3,Kalinskaya A.,Gauff C.,40,3,1323,7110,2,6,6,4,6,2,2,1,Completed,3.4,1.33,3.28,1.39,3.71,1.39,3.23,1.35
11,Dubai,Dubai Duty Free Tennis Championships,2/23/2024,WTA1000,Outdoor,Hard,Semifinals,3,Paolini J.,Cirstea S.,26,22,1735,1893,6,2,7,6,,,2,0,Completed,2,1.8,2.03,1.88,2.1,1.91,2,1.81
11,Dubai,Dubai Duty Free Tennis Championships,2/23/2024,WTA1000,Outdoor,Hard,Semifinals,3,Kalinskaya A.,Swiatek I.,40,1,1323,10300,6,4,6,4,,,2,0,Completed,6.5,1.11,8.1,1.11,8.1,1.15,6.89,1.1
11,Dubai,Dubai Duty Free Tennis Championships,2/24/2024,WTA1000,Outdoor,Hard,The Final,3,Paolini J.,Kalinskaya A.,26,40,1735,1323,4,6,7,5,7,5,2,1,Completed,3,1.4,3.06,1.43,3.3,1.43,2.97,1.4
