ATP,Location,Tournament,Date,Series,Court,Surface,Round,Best of,Winner,Loser,WRank,LRank,WPts,LPts,W1,L1,W2,L2,W3,L3,W4,L4,W5,L5,Wsets,Lsets,Comment,B365W,B365L,PSW,PSL,MaxW,MaxL,AvgW,AvgL
31,Paris,French Open,28/05/2023,Grand Slam,Outdoor,Clay,1st Round,5,Khachanov K.,Lestienne C.,11,70,2945,769,3,6,1,6,6,2,6,1,6,3,3,2,Completed,1.02,21,1.04,19.52,1.04,21,1.02,15.47
31,Paris,French Open,28/05/2023,Grand Slam,Outdoor,Clay,1st Round,5,Hurkacz H.,Goffin D.,14,111,2525,570,6,3,5,7,6,4,2,6,6,4,3,2,Completed,1.36,3.2,1.37,3.4,1.46,3.51,1.39,3
31,Paris,French Open,28/05/2023,Grand Slam,Outdoor,Clay,1st Round,5,Ofner S.,Cressy M.,118,44,534,975,6,4,7,6,6,2,,,,,3,0,Completed,1.3,3.5,1.31,3.8,1.36,3.8,1.32,3.44
31,Paris,French Open,28/05/2023,Grand Slam,Outdoor,Clay,1st Round,5,Griekspoor T.,Martinez P.,39,135,1034,448,6,4,2,6,0,6,7,5,6,3,3,2,Completed,2.1,1.73,2.15,1.79,2.2,1.8,2.11,1.74
31,Paris,French Open,28/05/2023,Grand Slam,Outdoor,Clay,1st Round,5,Albot R.,Kypson P.,113,329,564,154,6,3,6,2,4,6,6,1,,,3,1,Completed,1.36,3.2,1.42,3.12,1.46,3.2,1.39,3
31,Paris,French Open,28/05/2023,Grand Slam,Outdoor,Clay,1st Round,5,Kokkinakis T.,Evans D.,108,25,587,1480,6,4,6,4,6,4,,,,,3,0,Completed,2,1.8,2.02,1.88,2.05,1.9,1.99,1.82
31,Paris,French Open,28/05/2023,Grand Slam,Outdoor,Clay,1st Round,5,Fucsovics M.,Grenier H.,83,122,720,518,6,3,5,7,6,1,6,3,,,3,1,Completed,1.2,4.5,1.21,5.04,1.24,5.18,1.2,4.68
31,Paris,French Open,28/05/2023,Grand Slam,Outdoor,Clay,1st Round,5,Tsitsipas S.,Vesely J.,5,455,4775,92,7,5,6,3,4,6,7,6,,,3,1,Completed,1.02,19,1.02,22.09,1.03,22.09,1.02,16.29
31,Paris,French Open,28/05/2023,Grand Slam,Outdoor,Clay,1st Round,5,Kubler J.,Diaz Acosta F.,69,137,777,441,1,6,6,3,6,4,3,6,6,1,3,2,Completed,2.3,1.62,2.44,1.63,2.45,1.67,2.29,1.63
31,Paris,French Open,28/05/2023,Grand Slam,Outdoor,Clay,1st Round,5,Borges N.,Isner J.,80,90,727,675,6,4,5,7,7,6,4,6,7,6,3,2,Completed,1.4,3,1.41,3.15,1.45,3.15,1.4,2.96
31,Paris,French Open,28/05/2023,Grand Slam,Outdoor,Clay,1st Round,5,Korda S.,Mcdonald M.,30,59,1265,845,6,4,7,5,6,4,,,,,3,0,Completed,1.5,2.63,1.55,2.65,1.55,2.66,1.5,2.6
31,Paris,French Open,28/05/2023,Grand Slam,Outdoor,Clay,1st Round,5,Arnaldi M.,Galan D.E.,106,91,592,671,2,6,6,3,6,0,6,2,,,3,1,Completed,1.44,2.75,1.55,2.63,1.56,2.75,1.51,2.58
31,Paris,French Open,28/05/2023,Grand Slam,Outdoor,Clay,1st Round,5,Carballes Baena R.,Nava E.,57,242,850,238,7,6,6,3,6,2,,,,,3,0,Completed,1.25,4,1.28,4.1,1.29,4.1,1.26,3.9
31,Paris,French Open,28/05/2023,Grand Slam,Outdoor,Clay,1st Round,5,Musetti L.,Ymer M.,18,56,2040,876,7,5,6,2,6,4,,,,,3,0,Completed,1.2,4.5,1.21,5.02,1.23,5.15,1.2,4.62
31,Paris,French Open,28/05/2023,Grand Slam,Outdoor,Clay,1st Round,5,Rublev A.,Djere L.,7,60,4270,845,6,1,3,6,6,3,6,4,,,3,1,Completed,1.22,4.33,1.24,4.6,1.24,4.75,1.22,4.33
31,Paris,French Open,28/05/2023,Grand Slam,Outdoor,Clay,1st Round,5,Moutet C.,Cazaux A.,61,190,823,321,6,1,6,3,4,6,6,4,,,3,1,Completed,1.8,2,1.98,1.93,1.99,2.09,1.83,1.97
31,Paris,French Open,28/05/2023,Grand Slam,Outdoor,Clay,1st Round,5,Sonego L.,Shelton B.,48,36,925,1095,6,4,3,6,6,3,6,3,,,3,1,Completed,1.4,3,1.47,2.92,1.51,3,1.44,2.79
31,Paris,French Open,28/05/2023,Grand Slam,Outdoor,Clay,1st Round,5,Shevchenko A.,Otte O.,87,120,703,521,7,5,4,6,6,1,7,6,,,3,1,Completed,1.4,3,1.46,2.94,1.49,3.1,1.42,2.88
31,Paris,French Open,28/05/2023,Grand Slam,Outdoor,Clay,1st Round,5,Humbert U.,Mannarino A.,40,47,1026,937,6,3,6,3,6,1,,,,,3,0,Completed,1.22,4.33,1.31,3.85,1.33,4.33,1.27,3.83
31,Paris,French Open,28/05/2023,Grand Slam,Outdoor,Clay,1st Round,5,Pouille L.,Rodionov J.,675,134,40,452,6,2,6,4,6,3,,,,,3,0,Completed,1.73,2.1,1.75,2.21,1.76,2.25,1.71,2.15
31,Paris,French Open,29/05/2023,Grand Slam,Outdoor,Clay,1st Round,5,Shapovalov D.,Nakashima B.,32,45,1210,957,6,4,7,5,4,6,3,6,6,3,3,2,Completed,2.1,1.73,2.15,1.79,2.24,1.8,2.1,1.75
31,Paris,French Open,29/05/2023,Grand Slam,Outdoor,Clay,1st Round,5,Norrie C.,Paire B.,13,149,2565,398,7,5,4,6,3,6,6,1,6,4,3,2,Completed,1.11,6.5,1.13,7.45,1.14,7.45,1.12,6.54
31,Paris,French Open,29/05/2023,Grand Slam,Outdoor,Clay,1st Round,5,Schwartzman D.,Zapata Miralles B.,95,38,660,1051,1,6,6,7,6,2,6,0,6,4,3,2,Completed,2.1,1.73,2.24,1.73,2.32,1.8,2.18,1.69
31,Paris,French Open,29/05/2023,Grand Slam,Outdoor,Clay,1st Round,5,Varillas J.P.,Shang J.,94,200,661,303,4,6,2,6,6,2,6,3,6,1,3,2,Completed,1.57,2.38,1.57,2.57,1.59,2.7,1.54,2.49
31,Paris,French Open,29/05/2023,Grand Slam,Outdoor,Clay,1st Round,5,De Minaur A.,Ivashka I.,19,73,1870,741,6,1,5,7,6,1,6,3,,,3,1,Completed,1.29,3.75,1.31,3.84,1.32,3.9,1.29,3.63
31,Paris,French Open,29/05/2023,Grand Slam,Outdoor,Clay,1st Round,5,Etcheverry T.,Draper J.,49,55,920,877,6,4,1,0,,,,,,,1,0,Retired,1.67,2.2,1.75,2.21,1.8,2.25,1.73,2.12
31,Paris,French Open,29/05/2023,Grand Slam,Outdoor,Clay,1st Round,5,Karatsev A.,Popyrin A.,62,85,818,707,6,3,6,7,6,1,6,2,,,3,1,Completed,1.67,2.2,1.72,2.26,1.72,2.3,1.68,2.19
31,Paris,French Open,29/05/2023,Grand Slam,Outdoor,Clay,1st Round,5,Bautista Agut R.,Wu Y.,24,54,1485,884,7,6,6,1,6,1,,,,,3,0,Completed,1.4,3,1.41,3.19,1.46,3.19,1.4,2.92
31,Paris,French Open,29/05/2023,Grand Slam,Outdoor,Clay,1st Round,5,Fognini F.,Auger-Aliassime F.,130,10,468,3100,6,4,6,4,6,3,,,,,3,0,Completed,3.2,1.36,3.49,1.35,3.51,1.39,3.3,1.34
31,Paris,French Open,29/05/2023,Grand Slam,Outdoor,Clay,1st Round,5,Wawrinka S.,Ramos-Vinolas A.,89,67,684,782,7,6,6,4,6,7,1,6,6,4,3,2,Completed,1.36,3.2,1.43,3.07,1.43,3.4,1.38,3.03
31,Paris,French Open,29/05/2023,Grand Slam,Outdoor,Clay,1st Round,5,Daniel T.,O Connell C.,112,77,566,737,6,0,6,2,6,4,,,,,3,0,Completed,2.2,1.67,2.23,1.74,2.4,1.75,2.18,1.69
31,Paris,French Open,29/05/2023,Grand Slam,Outdoor,Clay,1st Round,5,Djokovic N.,Kovacevic A.,3,114,5955,545,6,3,6,2,7,6,,,,,3,0,Completed,1.01,29,1.02,37.53,1.02,37.53,1.01,20.63
31,Paris,French Open,29/05/2023,Grand Slam,Outdoor,Clay,1st Round,5,Tirante T.A.,Van De Zandschulp B.,153,31,390,1215,6,2,4,6,6,3,6,4,,,3,1,Completed,4.5,1.2,4.67,1.23,5,1.23,4.46,1.21
31,Paris,French Open,29/05/2023,Grand Slam,Outdoor,Clay,1st Round,5,Coric B.,Coria F.,16,96,2410,656,7,6,6,7,6,3,6,3,,,3,1,Completed,1.13,6,1.12,7.64,1.15,7.64,1.12,6.42
31,Paris,French Open,29/05/2023,Grand Slam,Outdoor,Clay,1st Round,5,Cachin P.,Thiem D.,64,92,803,666,6,3,6,2,6,7,4,6,6,2,3,2,Completed,2.2,1.67,2.22,1.74,2.26,1.74,2.19,1.68
31,Paris,French Open,29/05/2023,Grand Slam,Outdoor,Clay,1st Round,5,Giron M.,Medjedovic H.,75,168,740,353,6,0,6,2,1,6,6,0,,,3,1,Completed,2.1,1.73,2.13,1.8,2.25,1.8,2.12,1.73
31,Paris,French Open,29/05/2023,Grand Slam,Outdoor,Clay,1st Round,5,Lehecka J.,Struff J.L.,41,28,994,1447,7,5,1,6,6,3,3,6,6,1,3,2,Completed,2.3,1.62,2.24,1.73,2.35,1.73,2.24,1.65
31,Paris,French Open,29/05/2023,Grand Slam,Outdoor,Clay,1st Round,5,Davidovich Fokina A.,Fils A.,34,63,1115,807,6,1,4,6,6,3,6,3,,,3,1,Completed,1.36,3.2,1.37,3.37,1.38,3.6,1.34,3.26
31,Paris,French Open,29/05/2023,Grand Slam,Outdoor,Clay,1st Round,5,Alcaraz C.,Cobolli F.,1,159,6815,378,6,0,6,2,7,5,,,,,3,0,Completed,1.02,21,1.03,25.73,1.03,28,1.02,18.1
31,Paris,French Open,29/05/2023,Grand Slam,Outdoor,Clay,1st Round,5,Altmaier D.,Huesler M.A.,79,84,733,719,6,3,6,4,6,4,,,,,3,0,Completed,1.36,3.2,1.45,2.99,1.48,3.2,1.42,2.88
31,Paris,French Open,29/05/2023,Grand Slam,Outdoor,Clay,1st Round,5,Tiafoe F.,Krajinovic F.,12,93,2790,661,6,3,6,4,6,2,,,,,3,0,Completed,1.2,4.5,1.28,4.13,1.28,4.54,1.24,4.02
31,Paris,French Open,29/05/2023,Grand Slam,Outdoor,Clay,1st Round,5,Zhang Zh.,Lajovic D.,71,53,752,899,6,1,4,1,,,,,,,1,0,Retired,2.5,1.53,2.78,1.51,2.79,1.59,2.61,1.5
31,Paris,French Open,29/05/2023,Grand Slam,Outdoor,Clay,1st Round,5,Van Assche L.,Cecchinato M.,82,72,725,742,6,1,6,1,6,3,,,,,3,0,Completed,1.8,2,1.84,2.08,1.9,2.12,1.8,2.01
31,Paris,French Open,29/05/2023,Grand Slam,Outdoor,Clay,1st Round,5,Sinner J.,Muller A.,9,101,3435,639,6,1,6,4,6,1,,,,,3,0,Completed,1.03,15,1.05,15.4,1.05,16,1.03,13.23
31,Paris,French Open,30/05/2023,Grand Slam,Outdoor,Clay,1st Round,5,Paul T.,Stricker D.,17,116,2170,541,6,3,6,2,6,4,,,,,3,0,Completed,1.33,3.4,1.42,3.14,1.42,3.53,1.37,3.1
31,Paris,French Open,30/05/2023,Grand Slam,Outdoor,Clay,1st Round,5,Jarry N.,Dellien H.,35,160,1112,375,6,4,6,4,6,2,,,,,3,0,Completed,1.2,4.5,1.24,4.61,1.26,5.05,1.22,4.29
31,Paris,French Open,30/05/2023,Grand Slam,Outdoor,Clay,1st Round,5,Ruud C.,Ymer E.,4,155,4960,384,6,4,6,3,6,2,,,,,3,0,Completed,1.06,10,1.07,12.36,1.08,13,1.05,10.11
31,Paris,French Open,30/05/2023,Grand Slam,Outdoor,Clay,1st Round,5,Nishioka Y.,Wolf J.J.,33,50,1181,915,1,6,3,6,6,4,6,3,6,3,3,2,Completed,2,1.8,2.21,1.75,2.25,1.82,2.1,1.74
31,Paris,French Open,30/05/2023,Grand Slam,Outdoor,Clay,1st Round,5,Olivieri G.,Mpetshi G.,231,237,257,245,7,6,4,6,4,6,7,5,6,1,3,2,Completed,1.67,2.2,1.74,2.23,1.83,2.23,1.74,2.11
31,Paris,French Open,30/05/2023,Grand Slam,Outdoor,Clay,1st Round,5,Vavassori A.,Kecmanovic M.,148,37,410,1065,5,7,2,6,7,6,7,6,7,6,3,2,Completed,3,1.4,2.86,1.48,3,1.49,2.76,1.45
31,Paris,French Open,30/05/2023,Grand Slam,Outdoor,Clay,1st Round,5,Purcell M.,Thompson J.,68,76,781,737,7,5,1,6,6,4,6,4,,,3,1,Completed,2.1,1.73,2.23,1.74,2.23,1.79,2.11,1.73
31,Paris,French Open,30/05/2023,Grand Slam,Outdoor,Clay,1st Round,5,Molcan A.,Gaston H.,86,109,705,580,6,1,7,6,6,4,,,,,3,0,Completed,1.57,2.38,1.65,2.38,1.68,2.66,1.6,2.36
31,Paris,French Open,30/05/2023,Grand Slam,Outdoor,Clay,1st Round,5,Zverev A.,Harris L.,27,294,1450,177,7,6,7,6,6,1,,,,,3,0,Completed,1.05,11,1.06,12.71,1.07,19.76,1.05,10.9
31,Paris,French Open,30/05/2023,Grand Slam,Outdoor,Clay,1st Round,5,Zeppieri G.,Bublik A.,129,51,478,915,6,0,4,6,4,6,6,3,7,5,3,2,Completed,1.73,2.1,1.83,2.09,1.85,2.12,1.78,2.04
31,Paris,French Open,30/05/2023,Grand Slam,Outdoor,Clay,1st Round,5,Seyboth Wild T.,Medvedev D.,172,2,349,6330,7,6,6,7,2,6,6,3,6,4,3,2,Completed,11,1.05,10.69,1.08,11,1.08,9.81,1.06
31,Paris,French Open,30/05/2023,Grand Slam,Outdoor,Clay,1st Round,5,Ruusuvuori E.,Barrere G.,46,58,956,850,6,2,6,7,5,7,6,1,6,4,3,2,Completed,1.53,2.5,1.63,2.39,1.64,2.59,1.57,2.41
31,Paris,French Open,30/05/2023,Grand Slam,Outdoor,Clay,1st Round,5,Cerundolo F.,Munar J.,23,81,1485,725,6,1,2,6,7,6,6,1,,,3,1,Completed,1.3,3.5,1.26,4.38,1.31,4.42,1.25,3.9
31,Paris,French Open,30/05/2023,Grand Slam,Outdoor,Clay,1st Round,5,Rune H.,Eubanks C.,6,74,4375,740,6,4,3,6,7,6,6,2,,,3,1,Completed,1.02,19,1.04,18.32,1.04,19,1.03,14.13
31,Paris,French Open,30/05/2023,Grand Slam,Outdoor,Clay,1st Round,5,Pella G.,Halys Q.,423,88,105,686,6,4,6,7,2,6,7,6,7,6,3,2,Completed,3.2,1.36,3.4,1.37,3.4,1.44,3.04,1.38
31,Paris,French Open,30/05/2023,Grand Slam,Outdoor,Clay,1st Round,5,Rinderknech A.,Gasquet R.,78,52,735,901,6,4,2,6,6,2,7,6,,,3,1,Completed,2.2,1.67,2.27,1.71,2.3,1.75,2.19,1.68
31,Paris,French Open,30/05/2023,Grand Slam,Outdoor,Clay,1st Round,5,Fritz T.,Mmoh M.,8,123,3470,517,6,2,6,1,6,1,,,,,3,0,Completed,1.02,19,1.04,16.94,1.04,19,1.03,14.77
31,Paris,French Open,30/05/2023,Grand Slam,Outdoor,Clay,1st Round,5,Dimitrov G.,Skatov T.,29,147,1275,412,6,0,6,3,6,2,,,,,3,0,Completed,1.1,7,1.14,7,1.14,8,1.11,6.68
31,Paris,French Open,30/05/2023,Grand Slam,Outdoor,Clay,1st Round,5,Hanfmann Y.,Monteiro T.,65,98,791,652,6,3,7,5,6,7,6,7,6,4,3,2,Completed,1.36,3.2,1.37,3.39,1.43,3.39,1.38,3.07
31,Paris,French Open,30/05/2023,Grand Slam,Outdoor,Clay,1st Round,5,Monfils G.,Baez S.,394,42,117,990,3,6,6,3,7,5,1,6,7,5,3,2,Completed,3.4,1.33,3.31,1.38,3.6,1.38,3.38,1.32
31,Paris,French Open,31/05/2023,Grand Slam,Outdoor,Clay,2nd Round,5,Fognini F.,Kubler J.,130,69,468,777,6,4,7,6,6,2,,,,,3,0,Completed,1.5,2.63,1.58,2.55,1.58,2.75,1.51,2.58
31,Paris,French Open,31/05/2023,Grand Slam,Outdoor,Clay,2nd Round,5,Ofner S.,Korda S.,118,30,534,1265,6,3,7,6,6,4,,,,,3,0,Completed,2.5,1.53,2.7,1.53,2.7,1.59,2.49,1.54
31,Paris,French Open,31/05/2023,Grand Slam,Outdoor,Clay,2nd Round,5,Tsitsipas S.,Carballes Baena R.,5,57,4775,850,6,3,7,6,6,2,,,,,3,0,Completed,1.08,8,1.09,9.81,1.1,9.91,1.08,8.53
31,Paris,French Open,31/05/2023,Grand Slam,Outdoor,Clay,2nd Round,5,Sonego L.,Humbert U.,48,40,925,1026,6,4,6,3,7,6,,,,,3,0,Completed,2.1,1.73,2.23,1.74,2.25,1.8,2.14,1.72
31,Paris,French Open,31/05/2023,Grand Slam,Outdoor,Clay,2nd Round,5,Kokkinakis T.,Wawrinka S.,108,89,587,684,3,6,7,5,6,3,6,7,6,3,3,2,Completed,2,1.8,2.19,1.76,2.19,1.98,2.01,1.81
31,Paris,French Open,31/05/2023,Grand Slam,Outdoor,Clay,2nd Round,5,Schwartzman D.,Borges N.,95,80,660,727,7,6,6,4,6,3,,,,,3,0,Completed,1.73,2.1,1.73,2.24,1.76,2.28,1.7,2.16
31,Paris,French Open,31/05/2023,Grand Slam,Outdoor,Clay,2nd Round,5,Shapovalov D.,Arnaldi M.,32,106,1210,592,6,2,3,6,6,3,6,3,,,3,1,Completed,2.1,1.73,2.12,1.81,2.25,1.82,2.08,1.76
31,Paris,French Open,31/05/2023,Grand Slam,Outdoor,Clay,2nd Round,5,Varillas J.P.,Bautista Agut R.,94,24,661,1485,1,6,4,6,6,3,6,1,6,1,3,2,Completed,3,1.4,3.18,1.41,3.27,1.41,3.06,1.38
31,Paris,French Open,31/05/2023,Grand Slam,Outdoor,Clay,2nd Round,5,Alcaraz C.,Daniel T.,1,112,6815,566,6,1,3,6,6,1,6,2,,,3,1,Completed,1.02,21,1.03,25.16,1.03,25.16,1.02,16.27
31,Paris,French Open,31/05/2023,Grand Slam,Outdoor,Clay,2nd Round,5,Khachanov K.,Albot R.,11,113,2945,564,6,3,6,4,6,2,,,,,3,0,Completed,1.17,5,1.15,6.36,1.18,6.36,1.15,5.52
31,Paris,French Open,31/05/2023,Grand Slam,Outdoor,Clay,2nd Round,5,Hurkacz H.,Griekspoor T.,14,39,2525,1034,6,3,5,7,6,7,7,6,6,4,3,2,Completed,1.4,3,1.39,3.28,1.42,3.32,1.37,3.08
31,Paris,French Open,31/05/2023,Grand Slam,Outdoor,Clay,2nd Round,5,Davidovich Fokina A.,Van Assche L.,34,82,1115,725,6,4,6,3,7,6,,,,,3,0,Completed,1.36,3.2,1.4,3.15,1.45,3.27,1.38,3.07
31,Paris,French Open,31/05/2023,Grand Slam,Outdoor,Clay,2nd Round,5,Norrie C.,Pouille L.,13,675,2565,40,6,1,6,3,6,3,,,,,3,0,Completed,1.25,4,1.28,4.07,1.3,4.09,1.27,3.81
31,Paris,French Open,31/05/2023,Grand Slam,Outdoor,Clay,2nd Round,5,Rublev A.,Moutet C.,7,61,4270,823,6,4,6,2,3,6,6,3,,,3,1,Completed,1.07,9,1.07,11.26,1.09,11.26,1.07,9.01
31,Paris,French Open,31/05/2023,Grand Slam,Outdoor,Clay,2nd Round,5,Musetti L.,Shevchenko A.,18,87,2040,703,6,1,6,1,6,2,,,,,3,0,Completed,1.29,3.75,1.25,4.45,1.29,4.45,1.25,4.02
31,Paris,French Open,31/05/2023,Grand Slam,Outdoor,Clay,2nd Round,5,Djokovic N.,Fucsovics M.,3,83,5955,720,7,6,6,0,6,3,,,,,3,0,Completed,1.05,11,1.04,17.69,1.06,18.2,1.04,12.35
31,Paris,French Open,01/06/2023,Grand Slam,Outdoor,Clay,2nd Round,5,Coric B.,Cachin P.,16,64,2410,803,6,3,4,6,4,6,6,3,6,4,3,2,Completed,1.36,3.2,1.42,3.13,1.42,3.38,1.36,3.18
31,Paris,French Open,01/06/2023,Grand Slam,Outdoor,Clay,2nd Round,5,Etcheverry T.,De Minaur A.,49,19,920,1870,6,3,7,6,6,3,,,,,3,0,Completed,2,1.8,1.99,1.92,2.12,1.92,1.99,1.83
31,Paris,French Open,01/06/2023,Grand Slam,Outdoor,Clay,2nd Round,5,Ruud C.,Zeppieri G.,4,129,4960,478,6,3,6,2,4,6,7,5,,,3,1,Completed,1.08,8,1.09,9.44,1.1,9.44,1.08,8.2
31,Paris,French Open,01/06/2023,Grand Slam,Outdoor,Clay,2nd Round,5,Altmaier D.,Sinner J.,79,9,733,3435,6,7,7,6,1,6,7,6,7,5,3,2,Completed,8,1.08,8.93,1.1,9.25,1.1,8,1.08
31,Paris,French Open,01/06/2023,Grand Slam,Outdoor,Clay,2nd Round,5,Nishioka Y.,Purcell M.,33,68,1181,781,4,6,6,2,7,5,6,4,,,3,1,Completed,1.36,3.2,1.37,3.37,1.39,3.4,1.35,3.22
31,Paris,French Open,01/06/2023,Grand Slam,Outdoor,Clay,2nd Round,5,Dimitrov G.,Ruusuvuori E.,29,46,1275,956,7,6,6,3,6,4,,,,,3,0,Completed,1.44,2.75,1.41,3.16,1.47,3.16,1.41,2.92
31,Paris,French Open,01/06/2023,Grand Slam,Outdoor,Clay,2nd Round,5,Seyboth Wild T.,Pella G.,172,423,349,105,6,3,3,6,6,4,6,3,,,3,1,Completed,1.36,3.2,1.44,3.05,1.46,3.2,1.4,2.97
31,Paris,French Open,01/06/2023,Grand Slam,Outdoor,Clay,2nd Round,5,Zhang Zh.,Tirante T.A.,71,153,752,390,7,6,6,3,6,4,,,,,3,0,Completed,1.57,2.38,1.63,2.43,1.64,2.46,1.6,2.37
31,Paris,French Open,01/06/2023,Grand Slam,Outdoor,Clay,2nd Round,5,Tiafoe F.,Karatsev A.,12,62,2790,818,3,6,6,3,7,5,6,2,,,3,1,Completed,1.91,1.91,1.95,1.95,2.01,2.09,1.86,1.97
31,Paris,French Open,01/06/2023,Grand Slam,Outdoor,Clay,2nd Round,5,Olivieri G.,Vavassori A.,231,148,257,410,7,6,3,6,6,4,7,6,,,3,1,Completed,3.2,1.36,3.43,1.36,3.49,1.4,3.24,1.35
31,Paris,French Open,01/06/2023,Grand Slam,Outdoor,Clay,2nd Round,5,Jarry N.,Paul T.,35,17,1112,2170,3,6,6,1,6,4,7,5,,,3,1,Completed,1.62,2.3,1.6,2.52,1.67,2.52,1.6,2.37
31,Paris,French Open,01/06/2023,Grand Slam,Outdoor,Clay,2nd Round,5,Giron M.,Lehecka J.,75,41,740,994,6,2,6,3,6,2,,,,,3,0,Completed,2.75,1.44,2.86,1.48,2.91,1.48,2.78,1.45
31,Paris,French Open,01/06/2023,Grand Slam,Outdoor,Clay,2nd Round,5,Cerundolo F.,Hanfmann Y.,23,65,1485,791,6,3,6,3,6,4,,,,,3,0,Completed,1.44,2.75,1.47,3,1.51,3,1.45,2.77
31,Paris,French Open,01/06/2023,Grand Slam,Outdoor,Clay,2nd Round,5,Rune H.,Monfils G.,6,394,4375,117,,,,,,,,,,,,,Walkover,1.07,9,1.07,11.53,1.11,12.5,1.06,9.74
31,Paris,French Open,01/06/2023,Grand Slam,Outdoor,Clay,2nd Round,5,Fritz T.,Rinderknech A.,8,78,3470,735,2,6,6,4,6,3,6,4,,,3,1,Completed,1.11,6.5,1.13,7.12,1.16,9,1.12,6.66
31,Paris,French Open,01/06/2023,Grand Slam,Outdoor,Clay,2nd Round,5,Zverev A.,Molcan A.,27,86,1450,705,6,4,6,2,6,1,,,,,3,0,Completed,1.22,4.33,1.26,4.32,1.28,4.5,1.24,4.13
31,Paris,French Open,02/06/2023,Grand Slam,Outdoor,Clay,3rd Round,5,Khachanov K.,Kokkinakis T.,11,108,2945,587,6,4,6,1,3,6,7,6,,,3,1,Completed,1.29,3.75,1.26,4.39,1.34,4.39,1.26,3.89
31,Paris,French Open,02/06/2023,Grand Slam,Outdoor,Clay,3rd Round,5,Sonego L.,Rublev A.,48,7,925,4270,5,7,0,6,6,3,7,6,6,3,3,2,Completed,3.75,1.29,3.89,1.3,3.9,1.36,3.64,1.29
31,Paris,French Open,02/06/2023,Grand Slam,Outdoor,Clay,3rd Round,5,Ofner S.,Fognini F.,118,130,534,468,5,7,6,3,7,5,1,6,6,4,3,2,Completed,2.2,1.67,2.28,1.71,2.31,1.79,2.23,1.67
31,Paris,French Open,02/06/2023,Grand Slam,Outdoor,Clay,3rd Round,5,Djokovic N.,Davidovich Fokina A.,3,34,5955,1115,7,6,7,6,6,2,,,,,3,0,Completed,1.13,6,1.14,6.57,1.16,7.25,1.13,6.29
31,Paris,French Open,02/06/2023,Grand Slam,Outdoor,Clay,3rd Round,5,Musetti L.,Norrie C.,18,13,2040,2565,6,1,6,2,6,4,,,,,3,0,Completed,1.53,2.5,1.54,2.65,1.57,2.7,1.51,2.58
31,Paris,French Open,02/06/2023,Grand Slam,Outdoor,Clay,3rd Round,5,Tsitsipas S.,Schwartzman D.,5,95,4775,660,6,2,6,2,6,3,,,,,3,0,Completed,1.1,7,1.09,9.41,1.12,11.11,1.09,7.8
31,Paris,French Open,02/06/2023,Grand Slam,Outdoor,Clay,3rd Round,5,Varillas J.P.,Hurkacz H.,94,14,661,2525,3,6,6,3,7,6,4,6,6,2,3,2,Completed,3,1.4,3.08,1.43,3.19,1.45,3.02,1.39
31,Paris,French Open,02/06/2023,Grand Slam,Outdoor,Clay,3rd Round,5,Alcaraz C.,Shapovalov D.,1,32,6815,1210,6,1,6,4,6,2,,,,,3,0,Completed,1.04,13,1.07,11.9,1.07,14,1.05,10.82
31,Paris,French Open,03/06/2023,Grand Slam,Outdoor,Clay,3rd Round,5,Ruud C.,Zhang Zh.,4,71,4960,752,4,6,6,4,6,1,6,4,,,3,1,Completed,1.13,6,1.13,7.13,1.14,7.13,1.12,6.31
31,Paris,French Open,03/06/2023,Grand Slam,Outdoor,Clay,3rd Round,5,Nishioka Y.,Seyboth Wild T.,33,172,1181,349,3,6,7,6,2,6,6,4,6,0,3,2,Completed,2.63,1.5,2.64,1.55,2.65,1.57,2.52,1.52
31,Paris,French Open,03/06/2023,Grand Slam,Outdoor,Clay,3rd Round,5,Etcheverry T.,Coric B.,49,16,920,2410,6,3,7,6,6,2,,,,,3,0,Completed,1.67,2.2,1.7,2.28,1.77,2.28,1.71,2.16
31,Paris,French Open,03/06/2023,Grand Slam,Outdoor,Clay,3rd Round,5,Jarry N.,Giron M.,35,75,1112,740,6,2,6,3,6,7,6,3,,,3,1,Completed,1.33,3.4,1.34,3.59,1.37,3.64,1.34,3.3
31,Paris,French Open,03/06/2023,Grand Slam,Outdoor,Clay,3rd Round,5,Rune H.,Olivieri G.,6,231,4375,257,6,4,6,1,6,3,,,,,3,0,Completed,1.03,15,1.04,17.13,1.05,17.13,1.03,13.07
31,Paris,French Open,03/06/2023,Grand Slam,Outdoor,Clay,3rd Round,5,Cerundolo F.,Fritz T.,23,8,1485,3470,3,6,6,3,6,4,7,5,,,3,1,Completed,2.1,1.73,2.02,1.88,2.15,1.89,2.02,1.8
31,Paris,French Open,03/06/2023,Grand Slam,Outdoor,Clay,3rd Round,5,Dimitrov G.,Altmaier D.,29,79,1275,733,6,4,6,3,6,1,,,,,3,0,Completed,1.36,3.2,1.41,3.19,1.41,3.21,1.37,3.09
31,Paris,French Open,03/06/2023,Grand Slam,Outdoor,Clay,3rd Round,5,Zverev A.,Tiafoe F.,27,12,1450,2790,3,6,7,6,6,1,7,6,,,3,1,Completed,1.4,3,1.39,3.28,1.42,3.28,1.39,3.02
31,Paris,French Open,04/06/2023,Grand Slam,Outdoor,Clay,4th Round,5,Khachanov K.,Sonego L.,11,48,2945,925,1,6,6,4,7,6,6,1,,,3,1,Completed,1.44,2.75,1.49,2.84,1.52,2.84,1.47,2.7
31,Paris,French Open,04/06/2023,Grand Slam,Outdoor,Clay,4th Round,5,Djokovic N.,Varillas J.P.,3,94,5955,661,6,3,6,2,6,2,,,,,3,0,Completed,1.03,15,1.04,18.34,1.05,18.34,1.03,13.51
31,Paris,French Open,04/06/2023,Grand Slam,Outdoor,Clay,4th Round,5,Alcaraz C.,Musetti L.,1,18,6815,2040,6,3,6,2,6,2,,,,,3,0,Completed,1.17,5,1.18,5.65,1.21,5.65,1.18,5
31,Paris,French Open,04/06/2023,Grand Slam,Outdoor,Clay,4th Round,5,Tsitsipas S.,Ofner S.,5,118,4775,534,7,5,6,3,6,0,,,,,3,0,Completed,1.06,10,1.08,10.39,1.08,13,1.05,10.34
31,Paris,French Open,05/06/2023,Grand Slam,Outdoor,Clay,4th Round,5,Ruud C.,Jarry N.,4,35,4960,1112,7,6,7,5,7,5,,,,,3,0,Completed,1.44,2.75,1.48,2.87,1.53,2.9,1.47,2.72
31,Paris,French Open,05/06/2023,Grand Slam,Outdoor,Clay,4th Round,5,Rune H.,Cerundolo F.,6,23,4375,1485,7,6,3,6,6,4,1,6,7,6,3,2,Completed,1.33,3.4,1.37,3.38,1.4,3.4,1.35,3.24
31,Paris,French Open,05/06/2023,Grand Slam,Outdoor,Clay,4th Round,5,Zverev A.,Dimitrov G.,27,29,1450,1275,6,1,6,4,6,3,,,,,3,0,Completed,1.44,2.75,1.42,3.1,1.5,3.22,1.43,2.88
31,Paris,French Open,05/06/2023,Grand Slam,Outdoor,Clay,4th Round,5,Etcheverry T.,Nishioka Y.,49,33,920,1181,7,6,6,0,6,1,,,,,3,0,Completed,1.22,4.33,1.23,4.7,1.25,4.82,1.22,4.41
31,Paris,French Open,06/06/2023,Grand Slam,Outdoor,Clay,Quarterfinals,5,Djokovic N.,Khachanov K.,3,11,5955,2945,4,6,7,6,6,2,6,4,,,3,1,Completed,1.08,8,1.12,7.89,1.12,9,1.09,7.74
31,Paris,French Open,06/06/2023,Grand Slam,Outdoor,Clay,Quarterfinals,5,Alcaraz C.,Tsitsipas S.,1,5,6815,4775,6,2,6,1,7,6,,,,,3,0,Completed,1.2,4.5,1.22,4.93,1.24,5.1,1.21,4.67
31,Paris,French Open,07/06/2023,Grand Slam,Outdoor,Clay,Quarterfinals,5,Zverev A.,Etcheverry T.,27,49,1450,920,6,4,3,6,6,3,6,4,,,3,1,Completed,1.33,3.4,1.33,3.63,1.35,3.65,1.33,3.4
31,Paris,French Open,07/06/2023,Grand Slam,Outdoor,Clay,Quarterfinals,5,Ruud C.,Rune H.,4,6,4960,4375,6,1,6,2,3,6,6,3,,,3,1,Completed,1.73,2.1,1.86,2.06,1.86,2.25,1.76,2.1
31,Paris,French Open,09/06/2023,Grand Slam,Outdoor,Clay,Semifinals,5,Djokovic N.,Alcaraz C.,3,1,5955,6815,6,3,5,7,6,1,6,1,,,3,1,Completed,2.63,1.5,2.59,1.57,2.8,1.57,2.63,1.5
31,Paris,French Open,09/06/2023,Grand Slam,Outdoor,Clay,Semifinals,5,Ruud C.,Zverev A.,4,27,4960,1450,6,3,6,4,6,0,,,,,3,0,Completed,1.91,1.91,1.95,1.95,1.96,2.05,1.89,1.92
31,Paris,French Open,11/06/2023,Grand Slam,Outdoor,Clay,The Final,5,Djokovic N.,Ruud C.,3,4,5955,4960,7,6,6,3,7,5,,,,,3,0,Completed,1.2,4.8,1.22,4.92,1.24,5.15,1.21,4.7
